{"stats":{"minecraft:killed":{"minecraft:zombified_piglin":2,"minecraft:witch":3,"minecraft:spider":2,"minecraft:skeleton":154,"minecraft:chicken":8,"minecraft:pig":30,"minecraft:zombie_villager":3,"minecraft:iron_golem":4,"minecraft:creeper":116,"minecraft:sheep":120,"minecraft:trader_llama":4,"minecraft:zombie":126,"minecraft:cow":55,"minecraft:horse":1,"minecraft:wandering_trader":1,"minecraft:villager":3,"minecraft:enderman":1},"minecraft:picked_up":{"minecraft:wheat":226,"minecraft:yellow_wool":1,"minecraft:diamond_sword":3,"minecraft:lead":2,"minecraft:string":3,"minecraft:raw_copper":10,"minecraft:beetroot":7,"minecraft:diamond_leggings":1,"minecraft:gold_nugget":7,"minecraft:cobbled_deepslate":1067,"minecraft:rose_bush":1,"minecraft:cobblestone_slab":2,"minecraft:enchanted_golden_apple":2,"minecraft:furnace":2,"minecraft:stick":51,"minecraft:oak_fence":11,"minecraft:torch":36,"minecraft:acacia_log":7,"minecraft:porkchop":63,"minecraft:diorite":29,"minecraft:rotten_flesh":36,"minecraft:blue_dye":1,"minecraft:obsidian":5,"minecraft:cobblestone":667,"minecraft:enchanting_table":1,"minecraft:feather":8,"minecraft:water_bucket":2,"minecraft:andesite":5,"minecraft:brown_wool":6,"minecraft:flint":2,"minecraft:tuff":234,"minecraft:lapis_lazuli":235,"minecraft:dirt":155,"minecraft:bone":60,"minecraft:chipped_anvil":1,"minecraft:acacia_planks":1,"minecraft:bow":3,"minecraft:wheat_seeds":702,"minecraft:raw_gold":52,"minecraft:cobbled_deepslate_slab":2,"minecraft:diamond_helmet":1,"minecraft:fletching_table":1,"minecraft:oak_planks":89,"minecraft:sand":3,"minecraft:grass_block":1,"minecraft:diamond":120,"minecraft:granite":17,"minecraft:bread":6,"minecraft:oak_sapling":78,"minecraft:diamond_pickaxe":2,"minecraft:crafting_table":10,"minecraft:chicken":7,"minecraft:wooden_pickaxe":1,"minecraft:pink_wool":1,"minecraft:oak_trapdoor":3,"minecraft:beef":118,"minecraft:oak_boat":4,"minecraft:poppy":2,"minecraft:light_gray_wool":28,"minecraft:lectern":169,"minecraft:sugar_cane":346,"minecraft:chest":4,"minecraft:egg":3,"minecraft:raw_iron":228,"minecraft:stone":256,"minecraft:carrot":1,"minecraft:redstone":314,"minecraft:brown_dye":2,"minecraft:arrow":44,"minecraft:diamond_chestplate":1,"minecraft:beetroot_seeds":14,"minecraft:diamond_boots":1,"minecraft:deepslate_bricks":25,"minecraft:hay_block":11,"minecraft:gold_ingot":3,"minecraft:totem_of_undying":1,"minecraft:mutton":179,"minecraft:white_wool":63,"minecraft:stripped_oak_log":67,"minecraft:leather":98,"minecraft:oak_log":1692,"minecraft:yellow_bed":1,"minecraft:gunpowder":20,"minecraft:blue_bed":3,"minecraft:cooked_mutton":22,"minecraft:apple":9,"minecraft:stone_bricks":6,"minecraft:iron_ingot":68,"minecraft:book":40,"minecraft:oak_slab":7,"minecraft:dandelion":2,"minecraft:gravel":70,"minecraft:white_bed":12,"minecraft:spider_eye":1,"minecraft:diamond_shovel":1,"minecraft:diamond_axe":5,"minecraft:gray_wool":18,"minecraft:oak_button":32,"minecraft:black_wool":2,"minecraft:coal":212,"minecraft:hopper":11,"minecraft:ender_pearl":1},"minecraft:custom":{"minecraft:animals_bred":106,"minecraft:interact_with_crafting_table":140,"minecraft:leave_game":15,"minecraft:time_since_death":788788,"minecraft:sprint_one_cm":653273,"minecraft:damage_blocked_by_shield":85,"minecraft:drop":146,"minecraft:talked_to_villager":323,"minecraft:play_time":791834,"minecraft:deaths":1,"minecraft:jump":8981,"minecraft:walk_on_water_one_cm":57953,"minecraft:enchant_item":7,"minecraft:interact_with_furnace":32,"minecraft:traded_with_villager":404,"minecraft:sleep_in_bed":31,"minecraft:damage_dealt":25386,"minecraft:crouch_one_cm":1190,"minecraft:interact_with_smoker":6,"minecraft:interact_with_anvil":15,"minecraft:mob_kills":641,"minecraft:inspect_hopper":5,"minecraft:walk_one_cm":1463016,"minecraft:sneak_time":1727,"minecraft:walk_under_water_one_cm":44859,"minecraft:boat_one_cm":104284,"minecraft:interact_with_blast_furnace":19,"minecraft:total_world_time":791834,"minecraft:interact_with_grindstone":1,"minecraft:time_since_rest":55424,"minecraft:damage_taken":3370,"minecraft:swim_one_cm":208953,"minecraft:fly_one_cm":1837435,"minecraft:open_chest":305,"minecraft:fall_one_cm":221102},"minecraft:dropped":{"minecraft:diamond_axe":4,"minecraft:diamond":6,"minecraft:flint":2,"minecraft:dirt":30,"minecraft:mutton":13,"minecraft:gold_nugget":3,"minecraft:gold_ingot":3,"minecraft:bone":1,"minecraft:stone_axe":1,"minecraft:cobbled_deepslate":122,"minecraft:beetroot":2,"minecraft:rotten_flesh":5,"minecraft:oak_planks":12,"minecraft:diamond_shovel":1,"minecraft:carrot":2,"minecraft:beetroot_seeds":4,"minecraft:lectern":2,"minecraft:egg":3,"minecraft:water_bucket":2,"minecraft:bread":12,"minecraft:oak_slab":11,"minecraft:wheat_seeds":45,"minecraft:cobblestone":26,"minecraft:feather":2,"minecraft:lead":1,"minecraft:book":1,"minecraft:granite":13,"minecraft:stick":30,"minecraft:gray_wool":2,"minecraft:blue_dye":2,"minecraft:diorite":4,"minecraft:rose_bush":1,"minecraft:acacia_planks":2,"minecraft:redstone":8,"minecraft:brown_dye":2,"minecraft:stone_sword":1,"minecraft:raw_copper":10,"minecraft:tuff":210,"minecraft:chicken":7,"minecraft:light_gray_wool":3,"minecraft:diamond_sword":2,"minecraft:oak_button":64,"minecraft:diamond_pickaxe":2,"minecraft:andesite":5,"minecraft:pink_wool":1,"minecraft:oak_sapling":4,"minecraft:spider_eye":1,"minecraft:stone_pickaxe":1,"minecraft:wooden_pickaxe":2,"minecraft:black_wool":1},"minecraft:crafted":{"minecraft:smooth_stone":3,"minecraft:oak_planks":6620,"minecraft:cobblestone_slab":6,"minecraft:oak_sign":3,"minecraft:acacia_pressure_plate":1,"minecraft:stone":8,"minecraft:diamond_shovel":1,"minecraft:bookshelf":41,"minecraft:cooked_mutton":64,"minecraft:hopper":4,"minecraft:bow":1,"minecraft:chest":12,"minecraft:oak_button":36,"minecraft:stone_bricks":64,"minecraft:oak_fence":57,"minecraft:oak_slab":30,"minecraft:emerald":387,"minecraft:diamond_axe":2,"minecraft:crafting_table":5,"minecraft:wooden_pickaxe":1,"minecraft:brown_dye":2,"minecraft:gold_block":3,"minecraft:lectern":4,"minecraft:book":58,"minecraft:paper":233,"minecraft:diamond_pickaxe":3,"minecraft:shield":1,"minecraft:stick":12282,"minecraft:iron_ingot":258,"minecraft:iron_pickaxe":2,"minecraft:iron_block":32,"minecraft:stone_sword":1,"minecraft:gold_ingot":52,"minecraft:deepslate_bricks":126,"minecraft:cobbled_deepslate_slab":6,"minecraft:coal":27,"minecraft:furnace":3,"minecraft:blast_furnace":1,"minecraft:oak_trapdoor":2,"minecraft:diamond_block":5,"minecraft:diamond":27,"minecraft:polished_deepslate":128,"minecraft:iron_axe":1,"minecraft:stone_pickaxe":1,"minecraft:redstone_block":41,"minecraft:wheat":99,"minecraft:cooked_beef":64,"minecraft:coal_block":9,"minecraft:sugar":16,"minecraft:diamond_sword":2,"minecraft:enchanting_table":1,"minecraft:blue_bed":1,"minecraft:bucket":1,"minecraft:stone_axe":1,"minecraft:enchanted_book":6,"minecraft:bread":12,"minecraft:blue_dye":4,"minecraft:oak_fence_gate":2,"minecraft:oak_boat":1,"minecraft:golden_apple":1,"minecraft:blue_wool":1,"minecraft:anvil":1,"minecraft:white_bed":1,"minecraft:acacia_planks":28,"minecraft:torch":230,"minecraft:lapis_lazuli":81,"minecraft:lapis_block":29},"minecraft:mined":{"minecraft:white_bed":9,"minecraft:oak_sapling":8,"minecraft:obsidian":5,"minecraft:granite":29,"minecraft:acacia_log":7,"minecraft:grass_block":40,"minecraft:deepslate_bricks":25,"minecraft:hopper":11,"minecraft:raw_iron_block":1,"minecraft:iron_ore":14,"minecraft:cobbled_deepslate":23,"minecraft:fletching_table":1,"minecraft:deepslate_lapis_ore":24,"minecraft:enchanting_table":1,"minecraft:dirt_path":14,"minecraft:deepslate_redstone_ore":55,"minecraft:torch":6,"minecraft:chest":4,"minecraft:cobblestone":47,"minecraft:sugar_cane":258,"minecraft:oak_planks":41,"minecraft:wall_torch":15,"minecraft:deepslate_copper_ore":1,"minecraft:yellow_wool":1,"minecraft:wheat":285,"minecraft:grass":128,"minecraft:oak_log":1585,"minecraft:beetroots":6,"minecraft:sand":3,"minecraft:dirt":113,"minecraft:oak_leaves":308,"minecraft:deepslate":1239,"minecraft:tuff":166,"minecraft:deepslate_diamond_ore":77,"minecraft:cobbled_deepslate_slab":2,"minecraft:hay_block":13,"minecraft:oak_trapdoor":3,"minecraft:furnace":2,"minecraft:andesite":54,"minecraft:bookshelf":13,"minecraft:deepslate_iron_ore":149,"minecraft:stripped_oak_log":68,"minecraft:stone":453,"minecraft:white_wool":1,"minecraft:oak_slab":8,"minecraft:dandelion":2,"minecraft:oak_fence":11,"minecraft:cornflower":1,"minecraft:crafting_table":10,"minecraft:rose_bush":1,"minecraft:lectern":167,"minecraft:tall_grass":26,"minecraft:copper_ore":1,"minecraft:deepslate_coal_ore":1,"minecraft:lapis_ore":2,"minecraft:deepslate_gold_ore":43,"minecraft:diorite":61,"minecraft:blue_bed":3,"minecraft:gray_wool":2,"minecraft:birch_leaves":6,"minecraft:yellow_bed":1,"minecraft:coal_ore":102,"minecraft:gravel":72,"minecraft:stone_bricks":7,"minecraft:chipped_anvil":1},"minecraft:used":{"minecraft:oak_sign":3,"minecraft:chest":9,"minecraft:shield":3,"minecraft:stone":113,"minecraft:stone_bricks":35,"minecraft:bow":91,"minecraft:oak_sapling":74,"minecraft:furnace":4,"minecraft:diorite":5,"minecraft:stone_pickaxe":31,"minecraft:oak_planks":91,"minecraft:wooden_pickaxe":9,"minecraft:blue_bed":4,"minecraft:diamond_axe":2272,"minecraft:sugar_cane":93,"minecraft:white_wool":4,"minecraft:sand":3,"minecraft:blast_furnace":1,"minecraft:lectern":171,"minecraft:diamond_sword":883,"minecraft:oak_boat":5,"minecraft:oak_trapdoor":5,"minecraft:oak_fence":45,"minecraft:enchanting_table":2,"minecraft:torch":171,"minecraft:dirt":124,"minecraft:anvil":1,"minecraft:hopper":15,"minecraft:granite":4,"minecraft:oak_fence_gate":2,"minecraft:bookshelf":37,"minecraft:iron_axe":1,"minecraft:cooked_beef":19,"minecraft:cobbled_deepslate":28,"minecraft:wheat_seeds":306,"minecraft:cooked_mutton":49,"minecraft:water_bucket":16,"minecraft:cobblestone_slab":9,"minecraft:deepslate_bricks":108,"minecraft:oak_slab":13,"minecraft:crafting_table":13,"minecraft:white_bed":12,"minecraft:oak_log":28,"minecraft:diamond_pickaxe":2489,"minecraft:diamond_shovel":147,"minecraft:iron_pickaxe":115,"minecraft:cobblestone":186,"minecraft:cobbled_deepslate_slab":6,"minecraft:acacia_pressure_plate":1,"minecraft:bucket":16,"minecraft:yellow_bed":1,"minecraft:stripped_oak_log":55,"minecraft:gray_wool":3}},"DataVersion":3120}