{"stats":{"minecraft:killed":{"minecraft:zombified_piglin":1,"minecraft:witch":3,"minecraft:spider":2,"minecraft:skeleton":106,"minecraft:horse":1,"minecraft:chicken":7,"minecraft:pig":30,"minecraft:zombie_villager":2,"minecraft:iron_golem":4,"minecraft:wandering_trader":1,"minecraft:creeper":89,"minecraft:sheep":120,"minecraft:trader_llama":4,"minecraft:zombie":92,"minecraft:villager":3,"minecraft:enderman":1,"minecraft:cow":55},"minecraft:picked_up":{"minecraft:crafting_table":10,"minecraft:wheat":226,"minecraft:chicken":7,"minecraft:yellow_wool":1,"minecraft:lead":2,"minecraft:diamond_sword":3,"minecraft:wooden_pickaxe":1,"minecraft:pink_wool":1,"minecraft:oak_trapdoor":3,"minecraft:string":3,"minecraft:raw_copper":10,"minecraft:beetroot":7,"minecraft:diamond_leggings":1,"minecraft:gold_nugget":3,"minecraft:cobbled_deepslate":1067,"minecraft:beef":118,"minecraft:oak_boat":4,"minecraft:rose_bush":1,"minecraft:cobblestone_slab":2,"minecraft:poppy":2,"minecraft:enchanted_golden_apple":2,"minecraft:light_gray_wool":28,"minecraft:lectern":169,"minecraft:sugar_cane":346,"minecraft:chest":4,"minecraft:egg":3,"minecraft:furnace":2,"minecraft:stick":51,"minecraft:raw_iron":228,"minecraft:stone":256,"minecraft:oak_fence":11,"minecraft:torch":36,"minecraft:acacia_log":7,"minecraft:porkchop":63,"minecraft:diorite":29,"minecraft:carrot":1,"minecraft:redstone":314,"minecraft:brown_dye":2,"minecraft:diamond_chestplate":1,"minecraft:arrow":37,"minecraft:rotten_flesh":23,"minecraft:beetroot_seeds":14,"minecraft:deepslate_bricks":25,"minecraft:diamond_boots":1,"minecraft:hay_block":11,"minecraft:blue_dye":1,"minecraft:totem_of_undying":1,"minecraft:gold_ingot":3,"minecraft:mutton":179,"minecraft:obsidian":5,"minecraft:white_wool":63,"minecraft:cobblestone":667,"minecraft:stripped_oak_log":67,"minecraft:enchanting_table":1,"minecraft:feather":8,"minecraft:water_bucket":2,"minecraft:andesite":5,"minecraft:brown_wool":6,"minecraft:leather":98,"minecraft:flint":2,"minecraft:tuff":234,"minecraft:oak_log":1692,"minecraft:yellow_bed":1,"minecraft:gunpowder":15,"minecraft:blue_bed":3,"minecraft:lapis_lazuli":235,"minecraft:dirt":155,"minecraft:cooked_mutton":22,"minecraft:bone":40,"minecraft:acacia_planks":1,"minecraft:apple":9,"minecraft:stone_bricks":6,"minecraft:bow":2,"minecraft:wheat_seeds":702,"minecraft:raw_gold":52,"minecraft:iron_ingot":68,"minecraft:fletching_table":1,"minecraft:diamond_helmet":1,"minecraft:oak_planks":89,"minecraft:book":40,"minecraft:oak_slab":7,"minecraft:dandelion":2,"minecraft:gravel":70,"minecraft:sand":3,"minecraft:white_bed":12,"minecraft:grass_block":1,"minecraft:spider_eye":1,"minecraft:diamond_shovel":1,"minecraft:diamond":120,"minecraft:granite":17,"minecraft:diamond_axe":5,"minecraft:gray_wool":18,"minecraft:bread":6,"minecraft:oak_button":32,"minecraft:oak_sapling":78,"minecraft:black_wool":2,"minecraft:coal":212,"minecraft:hopper":10,"minecraft:ender_pearl":1,"minecraft:diamond_pickaxe":2},"minecraft:custom":{"minecraft:mob_kills":529,"minecraft:interact_with_anvil":13,"minecraft:animals_bred":106,"minecraft:inspect_hopper":5,"minecraft:interact_with_crafting_table":137,"minecraft:leave_game":13,"minecraft:time_since_death":756679,"minecraft:sprint_one_cm":639792,"minecraft:walk_one_cm":1448052,"minecraft:damage_blocked_by_shield":85,"minecraft:drop":146,"minecraft:talked_to_villager":322,"minecraft:play_time":759725,"minecraft:deaths":1,"minecraft:sneak_time":1704,"minecraft:walk_under_water_one_cm":44719,"minecraft:boat_one_cm":104284,"minecraft:jump":8856,"minecraft:interact_with_blast_furnace":19,"minecraft:walk_on_water_one_cm":55202,"minecraft:enchant_item":4,"minecraft:total_world_time":759725,"minecraft:interact_with_furnace":32,"minecraft:traded_with_villager":404,"minecraft:sleep_in_bed":31,"minecraft:time_since_rest":23315,"minecraft:damage_taken":3213,"minecraft:damage_dealt":24486,"minecraft:swim_one_cm":199999,"minecraft:fly_one_cm":1801874,"minecraft:open_chest":288,"minecraft:crouch_one_cm":1190,"minecraft:interact_with_smoker":6,"minecraft:fall_one_cm":217586},"minecraft:dropped":{"minecraft:water_bucket":2,"minecraft:bread":12,"minecraft:wheat_seeds":45,"minecraft:oak_slab":11,"minecraft:diamond_axe":4,"minecraft:diamond":6,"minecraft:feather":2,"minecraft:cobblestone":26,"minecraft:lead":1,"minecraft:book":1,"minecraft:granite":13,"minecraft:stick":30,"minecraft:flint":2,"minecraft:dirt":30,"minecraft:gray_wool":2,"minecraft:blue_dye":2,"minecraft:diorite":4,"minecraft:mutton":13,"minecraft:rose_bush":1,"minecraft:gold_nugget":3,"minecraft:acacia_planks":2,"minecraft:gold_ingot":3,"minecraft:bone":1,"minecraft:redstone":8,"minecraft:stone_axe":1,"minecraft:brown_dye":2,"minecraft:stone_sword":1,"minecraft:cobbled_deepslate":122,"minecraft:raw_copper":10,"minecraft:tuff":210,"minecraft:beetroot":2,"minecraft:chicken":7,"minecraft:rotten_flesh":5,"minecraft:light_gray_wool":3,"minecraft:oak_planks":12,"minecraft:diamond_shovel":1,"minecraft:carrot":2,"minecraft:diamond_sword":2,"minecraft:oak_button":64,"minecraft:diamond_pickaxe":2,"minecraft:andesite":5,"minecraft:beetroot_seeds":4,"minecraft:pink_wool":1,"minecraft:oak_sapling":4,"minecraft:spider_eye":1,"minecraft:wooden_pickaxe":2,"minecraft:stone_pickaxe":1,"minecraft:black_wool":1,"minecraft:lectern":2,"minecraft:egg":3},"minecraft:mined":{"minecraft:tuff":166,"minecraft:white_bed":9,"minecraft:oak_sapling":8,"minecraft:deepslate_diamond_ore":77,"minecraft:obsidian":5,"minecraft:granite":29,"minecraft:acacia_log":7,"minecraft:grass_block":40,"minecraft:deepslate_bricks":25,"minecraft:hopper":10,"minecraft:hay_block":13,"minecraft:raw_iron_block":1,"minecraft:oak_trapdoor":3,"minecraft:furnace":2,"minecraft:cobbled_deepslate":23,"minecraft:iron_ore":14,"minecraft:andesite":54,"minecraft:deepslate_lapis_ore":24,"minecraft:fletching_table":1,"minecraft:enchanting_table":1,"minecraft:bookshelf":13,"minecraft:dirt_path":14,"minecraft:deepslate_iron_ore":149,"minecraft:stripped_oak_log":68,"minecraft:stone":453,"minecraft:white_wool":1,"minecraft:deepslate_redstone_ore":55,"minecraft:oak_slab":8,"minecraft:dandelion":2,"minecraft:oak_fence":11,"minecraft:crafting_table":10,"minecraft:cornflower":1,"minecraft:torch":6,"minecraft:chest":4,"minecraft:rose_bush":1,"minecraft:lectern":167,"minecraft:copper_ore":1,"minecraft:tall_grass":25,"minecraft:cobblestone":47,"minecraft:deepslate_coal_ore":1,"minecraft:oak_planks":41,"minecraft:deepslate_gold_ore":43,"minecraft:lapis_ore":2,"minecraft:sugar_cane":258,"minecraft:diorite":61,"minecraft:wall_torch":15,"minecraft:blue_bed":3,"minecraft:deepslate_copper_ore":1,"minecraft:gray_wool":2,"minecraft:yellow_wool":1,"minecraft:wheat":285,"minecraft:birch_leaves":6,"minecraft:yellow_bed":1,"minecraft:grass":126,"minecraft:oak_log":1585,"minecraft:coal_ore":102,"minecraft:beetroots":6,"minecraft:gravel":72,"minecraft:sand":3,"minecraft:dirt":113,"minecraft:stone_bricks":7,"minecraft:oak_leaves":308,"minecraft:deepslate":1239},"minecraft:crafted":{"minecraft:cobbled_deepslate_slab":6,"minecraft:cobblestone_slab":6,"minecraft:oak_planks":6620,"minecraft:smooth_stone":3,"minecraft:coal":27,"minecraft:oak_sign":3,"minecraft:acacia_pressure_plate":1,"minecraft:furnace":3,"minecraft:blast_furnace":1,"minecraft:stone":8,"minecraft:diamond_shovel":1,"minecraft:bookshelf":41,"minecraft:cooked_mutton":64,"minecraft:diamond_block":5,"minecraft:oak_trapdoor":2,"minecraft:hopper":4,"minecraft:diamond":27,"minecraft:bow":1,"minecraft:polished_deepslate":128,"minecraft:iron_axe":1,"minecraft:stone_pickaxe":1,"minecraft:chest":12,"minecraft:oak_button":36,"minecraft:redstone_block":41,"minecraft:stone_bricks":64,"minecraft:oak_fence":57,"minecraft:wheat":99,"minecraft:cooked_beef":64,"minecraft:sugar":16,"minecraft:coal_block":9,"minecraft:oak_slab":30,"minecraft:diamond_sword":2,"minecraft:emerald":387,"minecraft:diamond_axe":2,"minecraft:crafting_table":5,"minecraft:enchanting_table":1,"minecraft:wooden_pickaxe":1,"minecraft:brown_dye":2,"minecraft:blue_bed":1,"minecraft:gold_block":3,"minecraft:bucket":1,"minecraft:stone_axe":1,"minecraft:enchanted_book":6,"minecraft:bread":12,"minecraft:blue_dye":4,"minecraft:oak_fence_gate":2,"minecraft:oak_boat":1,"minecraft:lectern":4,"minecraft:book":58,"minecraft:golden_apple":1,"minecraft:paper":233,"minecraft:diamond_pickaxe":3,"minecraft:shield":1,"minecraft:stick":12282,"minecraft:iron_ingot":258,"minecraft:iron_pickaxe":2,"minecraft:iron_block":32,"minecraft:stone_sword":1,"minecraft:blue_wool":1,"minecraft:gold_ingot":52,"minecraft:anvil":1,"minecraft:white_bed":1,"minecraft:acacia_planks":28,"minecraft:torch":230,"minecraft:deepslate_bricks":126,"minecraft:lapis_lazuli":81,"minecraft:lapis_block":29},"minecraft:used":{"minecraft:oak_fence":45,"minecraft:oak_trapdoor":5,"minecraft:enchanting_table":2,"minecraft:oak_sign":3,"minecraft:chest":9,"minecraft:shield":3,"minecraft:stone":113,"minecraft:torch":171,"minecraft:dirt":124,"minecraft:anvil":1,"minecraft:hopper":14,"minecraft:granite":4,"minecraft:oak_fence_gate":2,"minecraft:bookshelf":37,"minecraft:iron_axe":1,"minecraft:stone_bricks":35,"minecraft:bow":91,"minecraft:furnace":4,"minecraft:oak_sapling":74,"minecraft:cooked_beef":18,"minecraft:cobbled_deepslate":28,"minecraft:wheat_seeds":306,"minecraft:cooked_mutton":49,"minecraft:water_bucket":16,"minecraft:diorite":5,"minecraft:cobblestone_slab":9,"minecraft:stone_pickaxe":31,"minecraft:oak_planks":91,"minecraft:wooden_pickaxe":9,"minecraft:blue_bed":4,"minecraft:sugar_cane":93,"minecraft:diamond_axe":2272,"minecraft:deepslate_bricks":108,"minecraft:white_wool":4,"minecraft:sand":3,"minecraft:crafting_table":13,"minecraft:oak_slab":13,"minecraft:blast_furnace":1,"minecraft:white_bed":12,"minecraft:oak_log":28,"minecraft:diamond_pickaxe":2485,"minecraft:diamond_shovel":147,"minecraft:iron_pickaxe":115,"minecraft:lectern":171,"minecraft:diamond_sword":831,"minecraft:cobblestone":186,"minecraft:cobbled_deepslate_slab":3,"minecraft:acacia_pressure_plate":1,"minecraft:bucket":16,"minecraft:yellow_bed":1,"minecraft:oak_boat":5,"minecraft:stripped_oak_log":55,"minecraft:gray_wool":3}},"DataVersion":3120}