{"stats":{"minecraft:used":{"minecraft:oak_fence":45,"minecraft:enchanting_table":2,"minecraft:oak_sign":3,"minecraft:chest":9,"minecraft:shield":3,"minecraft:stone":113,"minecraft:torch":154,"minecraft:dirt":92,"minecraft:anvil":1,"minecraft:hopper":4,"minecraft:granite":4,"minecraft:oak_fence_gate":2,"minecraft:bookshelf":25,"minecraft:iron_axe":1,"minecraft:stone_bricks":35,"minecraft:bow":26,"minecraft:furnace":4,"minecraft:oak_sapling":66,"minecraft:wheat_seeds":306,"minecraft:cooked_mutton":45,"minecraft:water_bucket":16,"minecraft:diorite":5,"minecraft:stone_pickaxe":31,"minecraft:oak_planks":68,"minecraft:wooden_pickaxe":9,"minecraft:blue_bed":4,"minecraft:sugar_cane":61,"minecraft:diamond_axe":2007,"minecraft:deepslate_bricks":108,"minecraft:white_wool":4,"minecraft:sand":3,"minecraft:crafting_table":11,"minecraft:oak_slab":3,"minecraft:blast_furnace":1,"minecraft:white_bed":10,"minecraft:oak_log":25,"minecraft:diamond_pickaxe":2449,"minecraft:diamond_shovel":147,"minecraft:iron_pickaxe":115,"minecraft:lectern":64,"minecraft:diamond_sword":469,"minecraft:cobblestone":184,"minecraft:acacia_pressure_plate":1,"minecraft:bucket":16,"minecraft:gray_wool":3,"minecraft:yellow_bed":1,"minecraft:oak_boat":5,"minecraft:stripped_oak_log":55},"minecraft:custom":{"minecraft:mob_kills":192,"minecraft:interact_with_anvil":8,"minecraft:animals_bred":106,"minecraft:interact_with_crafting_table":111,"minecraft:leave_game":9,"minecraft:time_since_death":557199,"minecraft:sprint_one_cm":487652,"minecraft:walk_one_cm":1193266,"minecraft:damage_blocked_by_shield":85,"minecraft:drop":132,"minecraft:talked_to_villager":189,"minecraft:play_time":560245,"minecraft:deaths":1,"minecraft:sneak_time":1258,"minecraft:walk_under_water_one_cm":7512,"minecraft:boat_one_cm":104284,"minecraft:jump":6356,"minecraft:interact_with_blast_furnace":19,"minecraft:walk_on_water_one_cm":31400,"minecraft:enchant_item":1,"minecraft:total_world_time":560245,"minecraft:interact_with_furnace":31,"minecraft:traded_with_villager":352,"minecraft:sleep_in_bed":20,"minecraft:time_since_rest":638,"minecraft:damage_taken":2000,"minecraft:damage_dealt":15700,"minecraft:swim_one_cm":20997,"minecraft:fly_one_cm":1178396,"minecraft:open_chest":197,"minecraft:crouch_one_cm":1155,"minecraft:interact_with_smoker":2,"minecraft:fall_one_cm":154036},"minecraft:mined":{"minecraft:tuff":166,"minecraft:white_bed":7,"minecraft:oak_sapling":7,"minecraft:deepslate_diamond_ore":77,"minecraft:obsidian":5,"minecraft:granite":29,"minecraft:acacia_log":7,"minecraft:grass_block":39,"minecraft:deepslate_bricks":25,"minecraft:hopper":4,"minecraft:hay_block":13,"minecraft:raw_iron_block":1,"minecraft:furnace":2,"minecraft:iron_ore":14,"minecraft:andesite":54,"minecraft:deepslate_lapis_ore":24,"minecraft:fletching_table":1,"minecraft:enchanting_table":1,"minecraft:bookshelf":8,"minecraft:deepslate_iron_ore":149,"minecraft:dirt_path":14,"minecraft:stripped_oak_log":62,"minecraft:stone":449,"minecraft:white_wool":1,"minecraft:deepslate_redstone_ore":55,"minecraft:oak_slab":3,"minecraft:dandelion":2,"minecraft:oak_fence":11,"minecraft:crafting_table":9,"minecraft:cornflower":1,"minecraft:torch":4,"minecraft:chest":4,"minecraft:lectern":62,"minecraft:copper_ore":1,"minecraft:tall_grass":19,"minecraft:cobblestone":44,"minecraft:deepslate_coal_ore":1,"minecraft:lapis_ore":2,"minecraft:deepslate_gold_ore":43,"minecraft:sugar_cane":201,"minecraft:oak_planks":33,"minecraft:diorite":61,"minecraft:blue_bed":3,"minecraft:wall_torch":11,"minecraft:deepslate_copper_ore":1,"minecraft:gray_wool":2,"minecraft:yellow_wool":1,"minecraft:wheat":215,"minecraft:birch_leaves":6,"minecraft:yellow_bed":1,"minecraft:grass":109,"minecraft:coal_ore":102,"minecraft:oak_log":1477,"minecraft:beetroots":6,"minecraft:gravel":72,"minecraft:sand":3,"minecraft:dirt":92,"minecraft:stone_bricks":7,"minecraft:oak_leaves":298,"minecraft:deepslate":1239},"minecraft:killed":{"minecraft:spider":1,"minecraft:horse":1,"minecraft:skeleton":7,"minecraft:chicken":2,"minecraft:pig":13,"minecraft:iron_golem":1,"minecraft:wandering_trader":1,"minecraft:creeper":1,"minecraft:sheep":109,"minecraft:trader_llama":2,"minecraft:zombie":9,"minecraft:enderman":1,"minecraft:cow":37},"minecraft:crafted":{"minecraft:oak_planks":6190,"minecraft:smooth_stone":3,"minecraft:coal":27,"minecraft:oak_sign":3,"minecraft:acacia_pressure_plate":1,"minecraft:furnace":3,"minecraft:blast_furnace":1,"minecraft:stone":8,"minecraft:diamond_shovel":1,"minecraft:bookshelf":28,"minecraft:diamond_block":3,"minecraft:diamond":27,"minecraft:bow":1,"minecraft:polished_deepslate":128,"minecraft:iron_axe":1,"minecraft:stone_pickaxe":1,"minecraft:chest":7,"minecraft:oak_button":34,"minecraft:redstone_block":41,"minecraft:stone_bricks":64,"minecraft:oak_fence":57,"minecraft:wheat":99,"minecraft:sugar":16,"minecraft:coal_block":9,"minecraft:oak_slab":24,"minecraft:emerald":338,"minecraft:diamond_axe":2,"minecraft:crafting_table":3,"minecraft:enchanting_table":1,"minecraft:wooden_pickaxe":1,"minecraft:brown_dye":1,"minecraft:blue_bed":1,"minecraft:gold_block":2,"minecraft:bucket":1,"minecraft:stone_axe":1,"minecraft:enchanted_book":4,"minecraft:bread":12,"minecraft:blue_dye":4,"minecraft:oak_fence_gate":2,"minecraft:oak_boat":1,"minecraft:lectern":3,"minecraft:book":44,"minecraft:golden_apple":1,"minecraft:paper":179,"minecraft:diamond_pickaxe":2,"minecraft:shield":1,"minecraft:stick":11524,"minecraft:iron_ingot":231,"minecraft:iron_pickaxe":2,"minecraft:iron_block":32,"minecraft:stone_sword":1,"minecraft:blue_wool":1,"minecraft:gold_ingot":52,"minecraft:anvil":1,"minecraft:white_bed":1,"minecraft:acacia_planks":28,"minecraft:torch":230,"minecraft:deepslate_bricks":126,"minecraft:lapis_lazuli":81,"minecraft:lapis_block":29},"minecraft:picked_up":{"minecraft:crafting_table":9,"minecraft:wheat":178,"minecraft:chicken":2,"minecraft:yellow_wool":1,"minecraft:pink_wool":1,"minecraft:wooden_pickaxe":1,"minecraft:lead":2,"minecraft:diamond_sword":2,"minecraft:string":1,"minecraft:raw_copper":10,"minecraft:beetroot":7,"minecraft:diamond_leggings":1,"minecraft:cobbled_deepslate":1046,"minecraft:beef":69,"minecraft:oak_boat":4,"minecraft:lectern":62,"minecraft:light_gray_wool":28,"minecraft:enchanted_golden_apple":2,"minecraft:sugar_cane":258,"minecraft:chest":4,"minecraft:furnace":2,"minecraft:egg":3,"minecraft:stick":47,"minecraft:raw_iron":228,"minecraft:stone":256,"minecraft:oak_fence":11,"minecraft:torch":27,"minecraft:acacia_log":7,"minecraft:porkchop":18,"minecraft:diorite":29,"minecraft:carrot":1,"minecraft:redstone":314,"minecraft:brown_dye":1,"minecraft:rotten_flesh":9,"minecraft:diamond_chestplate":1,"minecraft:arrow":12,"minecraft:beetroot_seeds":14,"minecraft:diamond_boots":1,"minecraft:deepslate_bricks":25,"minecraft:hay_block":11,"minecraft:blue_dye":1,"minecraft:gold_ingot":3,"minecraft:totem_of_undying":1,"minecraft:obsidian":5,"minecraft:mutton":158,"minecraft:white_wool":56,"minecraft:cobblestone":664,"minecraft:stripped_oak_log":61,"minecraft:enchanting_table":1,"minecraft:feather":2,"minecraft:water_bucket":2,"minecraft:andesite":5,"minecraft:brown_wool":4,"minecraft:leather":46,"minecraft:flint":2,"minecraft:tuff":234,"minecraft:oak_log":1584,"minecraft:yellow_bed":1,"minecraft:dirt":135,"minecraft:lapis_lazuli":235,"minecraft:blue_bed":3,"minecraft:cooked_mutton":21,"minecraft:bone":10,"minecraft:acacia_planks":1,"minecraft:apple":9,"minecraft:stone_bricks":6,"minecraft:bow":1,"minecraft:wheat_seeds":541,"minecraft:raw_gold":52,"minecraft:iron_ingot":64,"minecraft:diamond_helmet":1,"minecraft:fletching_table":1,"minecraft:oak_planks":82,"minecraft:book":24,"minecraft:oak_slab":4,"minecraft:dandelion":2,"minecraft:gravel":70,"minecraft:sand":3,"minecraft:white_bed":10,"minecraft:grass_block":1,"minecraft:spider_eye":1,"minecraft:diamond_shovel":1,"minecraft:diamond":120,"minecraft:diamond_axe":4,"minecraft:granite":17,"minecraft:gray_wool":18,"minecraft:bread":6,"minecraft:oak_button":32,"minecraft:oak_sapling":70,"minecraft:black_wool":2,"minecraft:coal":212,"minecraft:hopper":4,"minecraft:ender_pearl":1,"minecraft:diamond_pickaxe":2},"minecraft:dropped":{"minecraft:water_bucket":2,"minecraft:bread":12,"minecraft:wheat_seeds":45,"minecraft:oak_slab":10,"minecraft:diamond_axe":3,"minecraft:diamond":6,"minecraft:feather":2,"minecraft:cobblestone":26,"minecraft:lead":1,"minecraft:granite":13,"minecraft:stick":30,"minecraft:flint":2,"minecraft:dirt":28,"minecraft:gray_wool":2,"minecraft:blue_dye":2,"minecraft:diorite":4,"minecraft:mutton":9,"minecraft:acacia_planks":2,"minecraft:gold_ingot":3,"minecraft:bone":1,"minecraft:redstone":8,"minecraft:stone_axe":1,"minecraft:brown_dye":1,"minecraft:stone_sword":1,"minecraft:cobbled_deepslate":122,"minecraft:raw_copper":10,"minecraft:tuff":210,"minecraft:beetroot":2,"minecraft:chicken":2,"minecraft:rotten_flesh":5,"minecraft:light_gray_wool":3,"minecraft:oak_planks":12,"minecraft:diamond_shovel":1,"minecraft:carrot":2,"minecraft:diamond_sword":1,"minecraft:oak_button":64,"minecraft:diamond_pickaxe":2,"minecraft:andesite":5,"minecraft:beetroot_seeds":4,"minecraft:pink_wool":1,"minecraft:oak_sapling":2,"minecraft:spider_eye":1,"minecraft:wooden_pickaxe":2,"minecraft:stone_pickaxe":1,"minecraft:black_wool":1,"minecraft:egg":3}},"DataVersion":3120}