{"stats":{"minecraft:used":{"minecraft:enchanting_table":2,"minecraft:stone_sword":155,"minecraft:chest":2,"minecraft:shield":73,"minecraft:white_terracotta":1,"minecraft:stone_hoe":7,"minecraft:cooked_chicken":4,"minecraft:rotten_flesh":1,"minecraft:iron_chestplate":1,"minecraft:torch":423,"minecraft:dirt":202,"minecraft:anvil":1,"minecraft:carrot":36,"minecraft:tuff":17,"minecraft:wooden_axe":51,"minecraft:bookshelf":5,"minecraft:iron_axe":451,"minecraft:iron_helmet":1,"minecraft:iron_boots":1,"minecraft:golden_carrot":2,"minecraft:bow":15,"minecraft:beef":7,"minecraft:furnace":18,"minecraft:oak_sapling":10,"minecraft:egg":1,"minecraft:cooked_beef":12,"minecraft:acacia_planks":6,"minecraft:cobbled_deepslate":495,"minecraft:golden_axe":65,"minecraft:iron_leggings":1,"minecraft:wheat_seeds":3,"minecraft:cooked_mutton":13,"minecraft:acacia_boat":4,"minecraft:water_bucket":17,"minecraft:stone_pickaxe":1437,"minecraft:baked_potato":2,"minecraft:oak_planks":32,"minecraft:wooden_pickaxe":188,"minecraft:sand":2,"minecraft:blast_furnace":6,"minecraft:crafting_table":43,"minecraft:white_bed":2,"minecraft:smoker":1,"minecraft:diamond_pickaxe":2188,"minecraft:bread":11,"minecraft:iron_pickaxe":6960,"minecraft:lectern":355,"minecraft:stone_axe":555,"minecraft:diamond_sword":1,"minecraft:cobblestone":327,"minecraft:grindstone":1,"minecraft:cooked_porkchop":21,"minecraft:bucket":17,"minecraft:andesite":72,"minecraft:golden_pickaxe":160},"minecraft:custom":{"minecraft:mob_kills":96,"minecraft:interact_with_anvil":4,"minecraft:animals_bred":19,"minecraft:interact_with_crafting_table":173,"minecraft:bell_ring":5,"minecraft:leave_game":47,"minecraft:time_since_death":308748,"minecraft:climb_one_cm":313,"minecraft:sprint_one_cm":1100183,"minecraft:walk_one_cm":2052193,"minecraft:damage_blocked_by_shield":5223,"minecraft:drop":312,"minecraft:talked_to_villager":450,"minecraft:play_time":982131,"minecraft:deaths":9,"minecraft:sneak_time":1614,"minecraft:walk_under_water_one_cm":18921,"minecraft:boat_one_cm":273143,"minecraft:jump":6202,"minecraft:interact_with_blast_furnace":36,"minecraft:walk_on_water_one_cm":51512,"minecraft:total_world_time":982131,"minecraft:interact_with_furnace":111,"minecraft:traded_with_villager":70,"minecraft:interact_with_grindstone":1,"minecraft:sleep_in_bed":22,"minecraft:time_since_rest":3212,"minecraft:damage_taken":4994,"minecraft:damage_dealt":14830,"minecraft:swim_one_cm":57847,"minecraft:fly_one_cm":959590,"minecraft:open_chest":103,"minecraft:crouch_one_cm":3424,"minecraft:interact_with_smoker":3,"minecraft:fall_one_cm":142023},"minecraft:killed_by":{"minecraft:zombie":5},"minecraft:mined":{"minecraft:tuff":899,"minecraft:white_bed":1,"minecraft:deepslate_diamond_ore":80,"minecraft:obsidian":18,"minecraft:granite":51,"minecraft:acacia_log":149,"minecraft:grass_block":79,"minecraft:sandstone":1,"minecraft:hay_block":8,"minecraft:furnace":15,"minecraft:carrots":17,"minecraft:iron_ore":103,"minecraft:cobbled_deepslate":51,"minecraft:andesite":119,"minecraft:deepslate_lapis_ore":36,"minecraft:enchanting_table":1,"minecraft:bookshelf":5,"minecraft:deepslate_iron_ore":50,"minecraft:rail":1,"minecraft:stripped_oak_log":4,"minecraft:stone":1211,"minecraft:deepslate_redstone_ore":90,"minecraft:acacia_leaves":22,"minecraft:crafting_table":35,"minecraft:torch":48,"minecraft:blast_furnace":5,"minecraft:lectern":357,"minecraft:cobblestone":100,"minecraft:tall_grass":8,"minecraft:copper_ore":3,"minecraft:lapis_ore":11,"minecraft:deepslate_gold_ore":82,"minecraft:grindstone":2,"minecraft:sugar_cane":27,"minecraft:oak_planks":13,"minecraft:diorite":58,"minecraft:wall_torch":38,"minecraft:white_terracotta":2,"minecraft:blue_terracotta":1,"minecraft:wheat":19,"minecraft:grass":41,"minecraft:coal_ore":121,"minecraft:oak_log":259,"minecraft:gravel":181,"minecraft:sand":2,"minecraft:dirt":188,"minecraft:cobweb":5,"minecraft:acacia_planks":1,"minecraft:gold_ore":8,"minecraft:oak_leaves":54,"minecraft:deepslate":7621},"minecraft:killed":{"minecraft:spider":3,"minecraft:skeleton":14,"minecraft:chicken":4,"minecraft:husk":1,"minecraft:pig":11,"minecraft:zombie_villager":1,"minecraft:creeper":2,"minecraft:sheep":8,"minecraft:zombie":39,"minecraft:cow":12},"minecraft:crafted":{"minecraft:golden_carrot":16,"minecraft:wooden_sword":1,"minecraft:oak_planks":1036,"minecraft:smooth_stone":3,"minecraft:cooked_chicken":4,"minecraft:furnace":5,"minecraft:blast_furnace":1,"minecraft:stone":3,"minecraft:bone_meal":30,"minecraft:bookshelf":6,"minecraft:cooked_mutton":13,"minecraft:diamond_helmet":1,"minecraft:diamond_leggings":1,"minecraft:bow":2,"minecraft:iron_axe":1,"minecraft:stone_pickaxe":16,"minecraft:chest":3,"minecraft:diamond_boots":1,"minecraft:wheat":72,"minecraft:smoker":1,"minecraft:cooked_beef":12,"minecraft:golden_axe":2,"minecraft:diamond_sword":1,"minecraft:emerald":63,"minecraft:cooked_porkchop":22,"minecraft:crafting_table":12,"minecraft:enchanting_table":1,"minecraft:acacia_slab":6,"minecraft:wooden_pickaxe":12,"minecraft:baked_potato":2,"minecraft:iron_helmet":1,"minecraft:brown_dye":1,"minecraft:golden_pickaxe":6,"minecraft:bucket":1,"minecraft:stone_axe":5,"minecraft:enchanted_book":7,"minecraft:bread":11,"minecraft:acacia_boat":2,"minecraft:lectern":1,"minecraft:iron_chestplate":1,"minecraft:book":18,"minecraft:charcoal":39,"minecraft:paper":54,"minecraft:diamond_pickaxe":1,"minecraft:gold_nugget":144,"minecraft:shield":3,"minecraft:stick":2240,"minecraft:iron_ingot":165,"minecraft:iron_pickaxe":30,"minecraft:wooden_axe":5,"minecraft:iron_block":5,"minecraft:stone_sword":2,"minecraft:gold_ingot":136,"minecraft:iron_leggings":1,"minecraft:anvil":1,"minecraft:white_bed":1,"minecraft:acacia_planks":424,"minecraft:torch":356,"minecraft:diamond_chestplate":1},"minecraft:picked_up":{"minecraft:crafting_table":35,"minecraft:wheat":19,"minecraft:chicken":4,"minecraft:wooden_pickaxe":1,"minecraft:shield":1,"minecraft:string":10,"minecraft:raw_copper":12,"minecraft:iron_axe":1,"minecraft:wooden_sword":1,"minecraft:cobbled_deepslate":6679,"minecraft:beef":34,"minecraft:poppy":4,"minecraft:iron_pickaxe":3,"minecraft:lectern":354,"minecraft:sugar_cane":61,"minecraft:egg":1,"minecraft:iron_boots":3,"minecraft:furnace":16,"minecraft:stick":35,"minecraft:raw_iron":175,"minecraft:oak_fence":1,"minecraft:torch":92,"minecraft:acacia_log":145,"minecraft:porkchop":22,"minecraft:diorite":60,"minecraft:carrot":81,"minecraft:redstone":388,"minecraft:stone_sword":3,"minecraft:arrow":23,"minecraft:rotten_flesh":33,"minecraft:hay_block":8,"minecraft:gold_ingot":14,"minecraft:white_terracotta":1,"minecraft:obsidian":18,"minecraft:mutton":15,"minecraft:rail":1,"minecraft:white_wool":16,"minecraft:cobblestone":1437,"minecraft:stripped_oak_log":4,"minecraft:enchanting_table":1,"minecraft:feather":2,"minecraft:water_bucket":1,"minecraft:andesite":124,"minecraft:leather":21,"minecraft:potato":1,"minecraft:flint":24,"minecraft:tuff":786,"minecraft:oak_log":308,"minecraft:golden_boots":1,"minecraft:gunpowder":5,"minecraft:acacia_boat":3,"minecraft:dirt":308,"minecraft:lapis_lazuli":448,"minecraft:bone":18,"minecraft:acacia_planks":39,"minecraft:apple":3,"minecraft:bow":2,"minecraft:wheat_seeds":71,"minecraft:raw_gold":163,"minecraft:oak_fence_gate":1,"minecraft:grindstone":2,"minecraft:iron_ingot":21,"minecraft:stone_pickaxe":3,"minecraft:acacia_sapling":1,"minecraft:oak_planks":54,"minecraft:book":26,"minecraft:gravel":209,"minecraft:sand":2,"minecraft:blast_furnace":6,"minecraft:white_bed":2,"minecraft:spider_eye":5,"minecraft:diamond":189,"minecraft:stone_axe":1,"minecraft:iron_helmet":1,"minecraft:granite":51,"minecraft:oak_sapling":16,"minecraft:coal":135,"minecraft:diamond_pickaxe":1},"minecraft:broken":{"minecraft:stone_sword":1,"minecraft:stone_pickaxe":9,"minecraft:wooden_pickaxe":1,"minecraft:golden_axe":2,"minecraft:stone_axe":2,"minecraft:iron_pickaxe":26,"minecraft:golden_pickaxe":5},"minecraft:dropped":{"minecraft:enchanted_book":1,"minecraft:iron_ingot":4,"minecraft:wheat_seeds":4,"minecraft:lapis_lazuli":180,"minecraft:diamond":70,"minecraft:oak_fence":1,"minecraft:cobblestone":916,"minecraft:granite":51,"minecraft:rail":1,"minecraft:stick":13,"minecraft:dirt":92,"minecraft:diorite":57,"minecraft:mutton":2,"minecraft:wooden_axe":4,"minecraft:wooden_sword":1,"minecraft:iron_pickaxe":3,"minecraft:string":1,"minecraft:acacia_planks":2,"minecraft:white_wool":12,"minecraft:redstone":261,"minecraft:furnace":1,"minecraft:gravel":209,"minecraft:stone_axe":3,"minecraft:stone_sword":2,"minecraft:cobbled_deepslate":5522,"minecraft:raw_copper":12,"minecraft:tuff":770,"minecraft:rotten_flesh":7,"minecraft:oak_planks":28,"minecraft:iron_boots":1,"minecraft:white_bed":1,"minecraft:carrot":48,"minecraft:oak_fence_gate":1,"minecraft:shield":2,"minecraft:gunpowder":1,"minecraft:andesite":48,"minecraft:acacia_slab":2,"minecraft:acacia_sapling":1,"minecraft:oak_sapling":1,"minecraft:spider_eye":2,"minecraft:wooden_pickaxe":11,"minecraft:stone_pickaxe":7}},"DataVersion":3120}