{"stats":{"minecraft:killed":{"minecraft:spider":3,"minecraft:skeleton":12,"minecraft:chicken":4,"minecraft:husk":1,"minecraft:pig":11,"minecraft:creeper":1,"minecraft:sheep":8,"minecraft:zombie":19,"minecraft:cow":7},"minecraft:picked_up":{"minecraft:crafting_table":16,"minecraft:wheat":6,"minecraft:chicken":4,"minecraft:string":9,"minecraft:raw_copper":5,"minecraft:cobbled_deepslate":2086,"minecraft:beef":15,"minecraft:iron_pickaxe":1,"minecraft:poppy":3,"minecraft:lectern":223,"minecraft:sugar_cane":61,"minecraft:egg":1,"minecraft:iron_boots":1,"minecraft:furnace":13,"minecraft:stick":18,"minecraft:raw_iron":98,"minecraft:oak_fence":1,"minecraft:torch":65,"minecraft:acacia_log":145,"minecraft:porkchop":22,"minecraft:diorite":22,"minecraft:carrot":56,"minecraft:redstone":24,"minecraft:arrow":17,"minecraft:rotten_flesh":22,"minecraft:hay_block":7,"minecraft:gold_ingot":14,"minecraft:white_terracotta":1,"minecraft:mutton":11,"minecraft:cobblestone":801,"minecraft:rail":1,"minecraft:white_wool":16,"minecraft:stripped_oak_log":1,"minecraft:feather":2,"minecraft:andesite":75,"minecraft:leather":16,"minecraft:flint":15,"minecraft:tuff":275,"minecraft:oak_log":222,"minecraft:gunpowder":4,"minecraft:acacia_boat":3,"minecraft:lapis_lazuli":144,"minecraft:dirt":222,"minecraft:bone":15,"minecraft:acacia_planks":39,"minecraft:apple":3,"minecraft:bow":2,"minecraft:wheat_seeds":23,"minecraft:stone_pickaxe":1,"minecraft:raw_gold":39,"minecraft:oak_fence_gate":1,"minecraft:iron_ingot":14,"minecraft:grindstone":2,"minecraft:acacia_sapling":1,"minecraft:oak_planks":13,"minecraft:book":17,"minecraft:gravel":145,"minecraft:sand":2,"minecraft:blast_furnace":3,"minecraft:white_bed":1,"minecraft:spider_eye":3,"minecraft:diamond":13,"minecraft:stone_axe":1,"minecraft:granite":49,"minecraft:oak_sapling":15,"minecraft:coal":78},"minecraft:custom":{"minecraft:mob_kills":67,"minecraft:animals_bred":10,"minecraft:interact_with_crafting_table":94,"minecraft:bell_ring":5,"minecraft:leave_game":30,"minecraft:time_since_death":0,"minecraft:climb_one_cm":313,"minecraft:sprint_one_cm":747342,"minecraft:walk_one_cm":1181439,"minecraft:damage_blocked_by_shield":2173,"minecraft:drop":135,"minecraft:talked_to_villager":297,"minecraft:play_time":551627,"minecraft:deaths":6,"minecraft:sneak_time":1416,"minecraft:walk_under_water_one_cm":8275,"minecraft:boat_one_cm":273143,"minecraft:jump":4367,"minecraft:walk_on_water_one_cm":47647,"minecraft:total_world_time":551627,"minecraft:interact_with_furnace":87,"minecraft:traded_with_villager":55,"minecraft:interact_with_grindstone":1,"minecraft:sleep_in_bed":15,"minecraft:time_since_rest":6,"minecraft:damage_taken":3603,"minecraft:damage_dealt":9375,"minecraft:swim_one_cm":43033,"minecraft:fly_one_cm":743840,"minecraft:open_chest":60,"minecraft:crouch_one_cm":3409,"minecraft:interact_with_smoker":2,"minecraft:fall_one_cm":114671},"minecraft:killed_by":{"minecraft:zombie":3},"minecraft:dropped":{"minecraft:enchanted_book":1,"minecraft:wheat_seeds":4,"minecraft:lapis_lazuli":8,"minecraft:cobblestone":455,"minecraft:granite":49,"minecraft:rail":1,"minecraft:stick":6,"minecraft:dirt":42,"minecraft:diorite":21,"minecraft:iron_pickaxe":1,"minecraft:acacia_planks":2,"minecraft:white_wool":12,"minecraft:redstone":24,"minecraft:furnace":1,"minecraft:gravel":145,"minecraft:stone_axe":2,"minecraft:cobbled_deepslate":1594,"minecraft:raw_copper":5,"minecraft:tuff":275,"minecraft:rotten_flesh":4,"minecraft:oak_planks":2,"minecraft:white_bed":1,"minecraft:carrot":48,"minecraft:andesite":14,"minecraft:acacia_sapling":1,"minecraft:stone_pickaxe":2,"minecraft:wooden_pickaxe":4},"minecraft:crafted":{"minecraft:oak_planks":680,"minecraft:cooked_chicken":4,"minecraft:furnace":4,"minecraft:bone_meal":18,"minecraft:bookshelf":3,"minecraft:cooked_mutton":9,"minecraft:bow":1,"minecraft:stone_pickaxe":7,"minecraft:chest":2,"minecraft:smoker":1,"minecraft:wheat":63,"minecraft:cooked_beef":4,"minecraft:golden_axe":2,"minecraft:emerald":51,"minecraft:cooked_porkchop":22,"minecraft:crafting_table":8,"minecraft:acacia_slab":6,"minecraft:wooden_pickaxe":6,"minecraft:iron_helmet":1,"minecraft:brown_dye":1,"minecraft:golden_pickaxe":6,"minecraft:bucket":1,"minecraft:stone_axe":5,"minecraft:enchanted_book":4,"minecraft:acacia_boat":2,"minecraft:bread":11,"minecraft:lectern":1,"minecraft:iron_chestplate":1,"minecraft:book":18,"minecraft:paper":54,"minecraft:charcoal":39,"minecraft:diamond_pickaxe":1,"minecraft:shield":1,"minecraft:stick":1752,"minecraft:iron_ingot":58,"minecraft:iron_pickaxe":8,"minecraft:wooden_axe":3,"minecraft:iron_block":2,"minecraft:stone_sword":1,"minecraft:iron_leggings":1,"minecraft:gold_ingot":29,"minecraft:white_bed":1,"minecraft:acacia_planks":424,"minecraft:torch":188,"minecraft:diamond_chestplate":1},"minecraft:mined":{"minecraft:tuff":320,"minecraft:deepslate_diamond_ore":12,"minecraft:granite":49,"minecraft:acacia_log":149,"minecraft:grass_block":52,"minecraft:sandstone":1,"minecraft:hay_block":7,"minecraft:furnace":12,"minecraft:carrots":11,"minecraft:iron_ore":77,"minecraft:cobbled_deepslate":23,"minecraft:andesite":73,"minecraft:deepslate_lapis_ore":14,"minecraft:bookshelf":2,"minecraft:deepslate_iron_ore":21,"minecraft:rail":1,"minecraft:stripped_oak_log":1,"minecraft:stone":718,"minecraft:deepslate_redstone_ore":5,"minecraft:acacia_leaves":22,"minecraft:crafting_table":16,"minecraft:torch":37,"minecraft:blast_furnace":3,"minecraft:lectern":226,"minecraft:copper_ore":1,"minecraft:tall_grass":7,"minecraft:cobblestone":23,"minecraft:deepslate_gold_ore":32,"minecraft:lapis_ore":6,"minecraft:grindstone":2,"minecraft:sugar_cane":27,"minecraft:oak_planks":11,"minecraft:diorite":19,"minecraft:wall_torch":25,"minecraft:white_terracotta":1,"minecraft:blue_terracotta":1,"minecraft:wheat":6,"minecraft:grass":39,"minecraft:coal_ore":79,"minecraft:oak_log":222,"minecraft:gravel":123,"minecraft:sand":2,"minecraft:dirt":130,"minecraft:cobweb":5,"minecraft:acacia_planks":1,"minecraft:gold_ore":8,"minecraft:oak_leaves":47,"minecraft:deepslate":2139},"minecraft:broken":{"minecraft:stone_sword":1,"minecraft:wooden_pickaxe":1,"minecraft:stone_pickaxe":5,"minecraft:golden_axe":2,"minecraft:stone_axe":2,"minecraft:iron_pickaxe":6,"minecraft:golden_pickaxe":5},"minecraft:used":{"minecraft:stone_sword":155,"minecraft:chest":1,"minecraft:shield":37,"minecraft:white_terracotta":1,"minecraft:cooked_chicken":4,"minecraft:rotten_flesh":1,"minecraft:iron_chestplate":1,"minecraft:torch":236,"minecraft:dirt":180,"minecraft:carrot":16,"minecraft:wooden_axe":49,"minecraft:bookshelf":2,"minecraft:iron_axe":131,"minecraft:iron_helmet":1,"minecraft:bow":14,"minecraft:beef":7,"minecraft:furnace":15,"minecraft:oak_sapling":10,"minecraft:egg":1,"minecraft:cooked_beef":4,"minecraft:acacia_planks":6,"minecraft:cobbled_deepslate":224,"minecraft:golden_axe":65,"minecraft:iron_leggings":1,"minecraft:wheat_seeds":1,"minecraft:cooked_mutton":9,"minecraft:acacia_boat":4,"minecraft:water_bucket":7,"minecraft:stone_pickaxe":684,"minecraft:oak_planks":30,"minecraft:wooden_pickaxe":157,"minecraft:sand":2,"minecraft:blast_furnace":2,"minecraft:crafting_table":23,"minecraft:white_bed":1,"minecraft:smoker":1,"minecraft:diamond_pickaxe":947,"minecraft:bread":11,"minecraft:iron_pickaxe":1828,"minecraft:lectern":224,"minecraft:stone_axe":545,"minecraft:cobblestone":102,"minecraft:grindstone":1,"minecraft:cooked_porkchop":21,"minecraft:bucket":8,"minecraft:andesite":58,"minecraft:golden_pickaxe":160}},"DataVersion":3120}