{"stats":{"minecraft:killed":{"minecraft:spider":3,"minecraft:skeleton":13,"minecraft:chicken":4,"minecraft:husk":1,"minecraft:pig":11,"minecraft:zombie_villager":1,"minecraft:creeper":2,"minecraft:sheep":8,"minecraft:zombie":38,"minecraft:cow":12},"minecraft:picked_up":{"minecraft:crafting_table":32,"minecraft:wheat":6,"minecraft:chicken":4,"minecraft:wooden_pickaxe":1,"minecraft:shield":1,"minecraft:string":10,"minecraft:raw_copper":12,"minecraft:iron_axe":1,"minecraft:wooden_sword":1,"minecraft:cobbled_deepslate":6657,"minecraft:beef":34,"minecraft:poppy":3,"minecraft:iron_pickaxe":3,"minecraft:lectern":223,"minecraft:sugar_cane":61,"minecraft:egg":1,"minecraft:iron_boots":3,"minecraft:furnace":15,"minecraft:stick":35,"minecraft:raw_iron":175,"minecraft:oak_fence":1,"minecraft:torch":90,"minecraft:acacia_log":145,"minecraft:porkchop":22,"minecraft:diorite":57,"minecraft:carrot":56,"minecraft:redstone":388,"minecraft:stone_sword":3,"minecraft:arrow":21,"minecraft:rotten_flesh":33,"minecraft:hay_block":8,"minecraft:gold_ingot":14,"minecraft:white_terracotta":1,"minecraft:mutton":15,"minecraft:rail":1,"minecraft:white_wool":16,"minecraft:cobblestone":1434,"minecraft:stripped_oak_log":4,"minecraft:feather":2,"minecraft:water_bucket":1,"minecraft:andesite":124,"minecraft:leather":21,"minecraft:potato":1,"minecraft:flint":24,"minecraft:tuff":786,"minecraft:oak_log":308,"minecraft:golden_boots":1,"minecraft:gunpowder":5,"minecraft:acacia_boat":3,"minecraft:dirt":272,"minecraft:lapis_lazuli":444,"minecraft:bone":16,"minecraft:acacia_planks":39,"minecraft:apple":3,"minecraft:bow":2,"minecraft:wheat_seeds":24,"minecraft:raw_gold":163,"minecraft:oak_fence_gate":1,"minecraft:iron_ingot":18,"minecraft:grindstone":2,"minecraft:stone_pickaxe":3,"minecraft:acacia_sapling":1,"minecraft:oak_planks":15,"minecraft:book":17,"minecraft:gravel":209,"minecraft:sand":2,"minecraft:blast_furnace":5,"minecraft:white_bed":1,"minecraft:spider_eye":5,"minecraft:diamond":131,"minecraft:stone_axe":1,"minecraft:iron_helmet":1,"minecraft:granite":51,"minecraft:oak_sapling":16,"minecraft:coal":99,"minecraft:diamond_pickaxe":1},"minecraft:custom":{"minecraft:mob_kills":94,"minecraft:interact_with_anvil":2,"minecraft:animals_bred":14,"minecraft:interact_with_crafting_table":157,"minecraft:bell_ring":5,"minecraft:leave_game":46,"minecraft:time_since_death":224847,"minecraft:climb_one_cm":313,"minecraft:sprint_one_cm":996647,"minecraft:walk_one_cm":1892501,"minecraft:damage_blocked_by_shield":5183,"minecraft:drop":284,"minecraft:talked_to_villager":298,"minecraft:play_time":898230,"minecraft:deaths":9,"minecraft:sneak_time":1496,"minecraft:walk_under_water_one_cm":12474,"minecraft:boat_one_cm":273143,"minecraft:jump":5602,"minecraft:interact_with_blast_furnace":27,"minecraft:walk_on_water_one_cm":48976,"minecraft:total_world_time":898230,"minecraft:interact_with_furnace":109,"minecraft:traded_with_villager":55,"minecraft:interact_with_grindstone":1,"minecraft:sleep_in_bed":19,"minecraft:time_since_rest":100818,"minecraft:damage_taken":4894,"minecraft:damage_dealt":14465,"minecraft:swim_one_cm":57847,"minecraft:fly_one_cm":887969,"minecraft:open_chest":70,"minecraft:crouch_one_cm":3424,"minecraft:interact_with_smoker":3,"minecraft:fall_one_cm":134405},"minecraft:killed_by":{"minecraft:zombie":5},"minecraft:dropped":{"minecraft:enchanted_book":1,"minecraft:wheat_seeds":4,"minecraft:lapis_lazuli":180,"minecraft:cobblestone":900,"minecraft:granite":51,"minecraft:rail":1,"minecraft:stick":10,"minecraft:dirt":87,"minecraft:diorite":55,"minecraft:wooden_axe":2,"minecraft:wooden_sword":1,"minecraft:iron_pickaxe":2,"minecraft:string":1,"minecraft:acacia_planks":2,"minecraft:white_wool":12,"minecraft:redstone":261,"minecraft:furnace":1,"minecraft:gravel":209,"minecraft:stone_axe":3,"minecraft:stone_sword":2,"minecraft:cobbled_deepslate":5274,"minecraft:raw_copper":12,"minecraft:tuff":770,"minecraft:rotten_flesh":7,"minecraft:oak_planks":3,"minecraft:iron_boots":1,"minecraft:white_bed":1,"minecraft:carrot":48,"minecraft:shield":2,"minecraft:gunpowder":1,"minecraft:andesite":45,"minecraft:acacia_sapling":1,"minecraft:oak_sapling":1,"minecraft:spider_eye":2,"minecraft:wooden_pickaxe":11,"minecraft:stone_pickaxe":7},"minecraft:mined":{"minecraft:tuff":896,"minecraft:deepslate_diamond_ore":67,"minecraft:granite":51,"minecraft:acacia_log":149,"minecraft:grass_block":59,"minecraft:sandstone":1,"minecraft:hay_block":8,"minecraft:furnace":14,"minecraft:carrots":11,"minecraft:iron_ore":103,"minecraft:cobbled_deepslate":39,"minecraft:andesite":119,"minecraft:deepslate_lapis_ore":36,"minecraft:bookshelf":2,"minecraft:deepslate_iron_ore":50,"minecraft:rail":1,"minecraft:stripped_oak_log":4,"minecraft:stone":1205,"minecraft:deepslate_redstone_ore":85,"minecraft:acacia_leaves":22,"minecraft:crafting_table":32,"minecraft:torch":48,"minecraft:blast_furnace":4,"minecraft:lectern":226,"minecraft:cobblestone":92,"minecraft:copper_ore":3,"minecraft:tall_grass":8,"minecraft:deepslate_gold_ore":82,"minecraft:lapis_ore":10,"minecraft:grindstone":2,"minecraft:sugar_cane":27,"minecraft:oak_planks":13,"minecraft:diorite":53,"minecraft:wall_torch":36,"minecraft:white_terracotta":1,"minecraft:blue_terracotta":1,"minecraft:wheat":6,"minecraft:grass":41,"minecraft:coal_ore":100,"minecraft:oak_log":259,"minecraft:gravel":181,"minecraft:sand":2,"minecraft:dirt":174,"minecraft:cobweb":5,"minecraft:acacia_planks":1,"minecraft:gold_ore":8,"minecraft:oak_leaves":54,"minecraft:deepslate":7565},"minecraft:crafted":{"minecraft:wooden_sword":1,"minecraft:smooth_stone":3,"minecraft:oak_planks":840,"minecraft:cooked_chicken":4,"minecraft:furnace":5,"minecraft:blast_furnace":1,"minecraft:stone":3,"minecraft:bone_meal":18,"minecraft:bookshelf":3,"minecraft:cooked_mutton":13,"minecraft:diamond_helmet":1,"minecraft:diamond_leggings":1,"minecraft:bow":1,"minecraft:stone_pickaxe":16,"minecraft:chest":2,"minecraft:diamond_boots":1,"minecraft:wheat":72,"minecraft:smoker":1,"minecraft:cooked_beef":9,"minecraft:golden_axe":2,"minecraft:emerald":51,"minecraft:cooked_porkchop":22,"minecraft:crafting_table":12,"minecraft:acacia_slab":6,"minecraft:wooden_pickaxe":12,"minecraft:baked_potato":2,"minecraft:iron_helmet":1,"minecraft:brown_dye":1,"minecraft:golden_pickaxe":6,"minecraft:bucket":1,"minecraft:stone_axe":5,"minecraft:enchanted_book":4,"minecraft:bread":11,"minecraft:acacia_boat":2,"minecraft:lectern":1,"minecraft:iron_chestplate":1,"minecraft:book":18,"minecraft:paper":54,"minecraft:diamond_pickaxe":1,"minecraft:charcoal":39,"minecraft:shield":3,"minecraft:stick":1848,"minecraft:iron_ingot":165,"minecraft:iron_pickaxe":30,"minecraft:wooden_axe":5,"minecraft:iron_block":5,"minecraft:stone_sword":2,"minecraft:gold_ingot":57,"minecraft:iron_leggings":1,"minecraft:anvil":1,"minecraft:white_bed":1,"minecraft:acacia_planks":424,"minecraft:torch":356,"minecraft:diamond_chestplate":1},"minecraft:broken":{"minecraft:stone_sword":1,"minecraft:wooden_pickaxe":1,"minecraft:stone_pickaxe":9,"minecraft:golden_axe":2,"minecraft:stone_axe":2,"minecraft:iron_pickaxe":26,"minecraft:golden_pickaxe":5},"minecraft:used":{"minecraft:stone_sword":155,"minecraft:chest":1,"minecraft:shield":72,"minecraft:white_terracotta":1,"minecraft:cooked_chicken":4,"minecraft:rotten_flesh":1,"minecraft:iron_chestplate":1,"minecraft:torch":419,"minecraft:dirt":185,"minecraft:anvil":1,"minecraft:carrot":16,"minecraft:tuff":17,"minecraft:wooden_axe":51,"minecraft:bookshelf":2,"minecraft:iron_axe":305,"minecraft:iron_helmet":1,"minecraft:iron_boots":1,"minecraft:bow":14,"minecraft:beef":7,"minecraft:furnace":17,"minecraft:oak_sapling":10,"minecraft:egg":1,"minecraft:cooked_beef":9,"minecraft:acacia_planks":6,"minecraft:cobbled_deepslate":332,"minecraft:golden_axe":65,"minecraft:iron_leggings":1,"minecraft:wheat_seeds":2,"minecraft:cooked_mutton":13,"minecraft:acacia_boat":4,"minecraft:water_bucket":11,"minecraft:stone_pickaxe":1437,"minecraft:baked_potato":2,"minecraft:oak_planks":32,"minecraft:wooden_pickaxe":188,"minecraft:sand":2,"minecraft:blast_furnace":5,"minecraft:crafting_table":43,"minecraft:white_bed":1,"minecraft:smoker":1,"minecraft:diamond_pickaxe":2039,"minecraft:bread":11,"minecraft:iron_pickaxe":6955,"minecraft:lectern":224,"minecraft:stone_axe":555,"minecraft:cobblestone":326,"minecraft:grindstone":1,"minecraft:cooked_porkchop":21,"minecraft:bucket":12,"minecraft:andesite":72,"minecraft:golden_pickaxe":160}},"DataVersion":3120}