{"stats":{"minecraft:crafted":{"minecraft:wooden_sword":1,"minecraft:smooth_stone":3,"minecraft:oak_planks":816,"minecraft:cooked_chicken":4,"minecraft:furnace":4,"minecraft:blast_furnace":1,"minecraft:stone":3,"minecraft:bone_meal":18,"minecraft:bookshelf":3,"minecraft:cooked_mutton":13,"minecraft:diamond_helmet":1,"minecraft:diamond_leggings":1,"minecraft:bow":1,"minecraft:stone_pickaxe":16,"minecraft:chest":2,"minecraft:diamond_boots":1,"minecraft:wheat":72,"minecraft:smoker":1,"minecraft:cooked_beef":9,"minecraft:golden_axe":2,"minecraft:emerald":51,"minecraft:cooked_porkchop":22,"minecraft:crafting_table":10,"minecraft:acacia_slab":6,"minecraft:wooden_pickaxe":12,"minecraft:baked_potato":2,"minecraft:iron_helmet":1,"minecraft:brown_dye":1,"minecraft:golden_pickaxe":6,"minecraft:bucket":1,"minecraft:stone_axe":5,"minecraft:enchanted_book":4,"minecraft:bread":11,"minecraft:acacia_boat":2,"minecraft:lectern":1,"minecraft:iron_chestplate":1,"minecraft:book":18,"minecraft:paper":54,"minecraft:diamond_pickaxe":1,"minecraft:charcoal":39,"minecraft:shield":3,"minecraft:stick":1804,"minecraft:iron_ingot":117,"minecraft:iron_pickaxe":16,"minecraft:wooden_axe":5,"minecraft:iron_block":5,"minecraft:stone_sword":2,"minecraft:gold_ingot":57,"minecraft:iron_leggings":1,"minecraft:anvil":1,"minecraft:white_bed":1,"minecraft:acacia_planks":424,"minecraft:torch":292,"minecraft:diamond_chestplate":1},"minecraft:killed_by":{"minecraft:zombie":5},"minecraft:killed":{"minecraft:spider":3,"minecraft:skeleton":12,"minecraft:chicken":4,"minecraft:husk":1,"minecraft:pig":11,"minecraft:zombie_villager":1,"minecraft:creeper":2,"minecraft:sheep":8,"minecraft:zombie":38,"minecraft:cow":12},"minecraft:dropped":{"minecraft:enchanted_book":1,"minecraft:wheat_seeds":4,"minecraft:lapis_lazuli":43,"minecraft:cobblestone":851,"minecraft:granite":51,"minecraft:rail":1,"minecraft:stick":10,"minecraft:dirt":87,"minecraft:diorite":55,"minecraft:wooden_axe":2,"minecraft:wooden_sword":1,"minecraft:iron_pickaxe":2,"minecraft:string":1,"minecraft:acacia_planks":2,"minecraft:white_wool":12,"minecraft:redstone":127,"minecraft:furnace":1,"minecraft:gravel":192,"minecraft:stone_axe":3,"minecraft:stone_sword":2,"minecraft:cobbled_deepslate":3023,"minecraft:raw_copper":12,"minecraft:tuff":437,"minecraft:rotten_flesh":7,"minecraft:oak_planks":3,"minecraft:white_bed":1,"minecraft:carrot":48,"minecraft:shield":2,"minecraft:gunpowder":1,"minecraft:andesite":45,"minecraft:acacia_sapling":1,"minecraft:oak_sapling":1,"minecraft:spider_eye":2,"minecraft:wooden_pickaxe":11,"minecraft:stone_pickaxe":7},"minecraft:mined":{"minecraft:tuff":619,"minecraft:deepslate_diamond_ore":26,"minecraft:granite":51,"minecraft:acacia_log":149,"minecraft:grass_block":59,"minecraft:sandstone":1,"minecraft:hay_block":8,"minecraft:furnace":13,"minecraft:carrots":11,"minecraft:iron_ore":103,"minecraft:cobbled_deepslate":26,"minecraft:andesite":119,"minecraft:deepslate_lapis_ore":21,"minecraft:bookshelf":2,"minecraft:deepslate_iron_ore":35,"minecraft:rail":1,"minecraft:stripped_oak_log":4,"minecraft:stone":1205,"minecraft:deepslate_redstone_ore":34,"minecraft:acacia_leaves":22,"minecraft:crafting_table":30,"minecraft:torch":46,"minecraft:blast_furnace":4,"minecraft:lectern":226,"minecraft:cobblestone":92,"minecraft:copper_ore":3,"minecraft:tall_grass":8,"minecraft:deepslate_gold_ore":72,"minecraft:lapis_ore":10,"minecraft:grindstone":2,"minecraft:sugar_cane":27,"minecraft:oak_planks":13,"minecraft:diorite":53,"minecraft:wall_torch":33,"minecraft:white_terracotta":1,"minecraft:blue_terracotta":1,"minecraft:wheat":6,"minecraft:grass":41,"minecraft:coal_ore":100,"minecraft:oak_log":259,"minecraft:gravel":168,"minecraft:sand":2,"minecraft:dirt":174,"minecraft:cobweb":5,"minecraft:acacia_planks":1,"minecraft:gold_ore":8,"minecraft:oak_leaves":54,"minecraft:deepslate":4117},"minecraft:broken":{"minecraft:stone_sword":1,"minecraft:wooden_pickaxe":1,"minecraft:stone_pickaxe":9,"minecraft:golden_axe":2,"minecraft:stone_axe":2,"minecraft:iron_pickaxe":15,"minecraft:golden_pickaxe":5},"minecraft:used":{"minecraft:stone_sword":155,"minecraft:chest":1,"minecraft:shield":71,"minecraft:white_terracotta":1,"minecraft:cooked_chicken":4,"minecraft:rotten_flesh":1,"minecraft:iron_chestplate":1,"minecraft:torch":356,"minecraft:dirt":185,"minecraft:anvil":1,"minecraft:carrot":16,"minecraft:wooden_axe":51,"minecraft:bookshelf":2,"minecraft:iron_axe":298,"minecraft:iron_helmet":1,"minecraft:iron_boots":1,"minecraft:bow":14,"minecraft:beef":7,"minecraft:furnace":15,"minecraft:oak_sapling":10,"minecraft:egg":1,"minecraft:cooked_beef":9,"minecraft:acacia_planks":6,"minecraft:cobbled_deepslate":247,"minecraft:golden_axe":65,"minecraft:iron_leggings":1,"minecraft:wheat_seeds":2,"minecraft:cooked_mutton":10,"minecraft:acacia_boat":4,"minecraft:water_bucket":10,"minecraft:stone_pickaxe":1437,"minecraft:baked_potato":2,"minecraft:oak_planks":32,"minecraft:wooden_pickaxe":188,"minecraft:sand":2,"minecraft:blast_furnace":5,"minecraft:crafting_table":39,"minecraft:white_bed":1,"minecraft:smoker":1,"minecraft:diamond_pickaxe":1137,"minecraft:bread":11,"minecraft:iron_pickaxe":3981,"minecraft:lectern":224,"minecraft:stone_axe":555,"minecraft:cobblestone":326,"minecraft:grindstone":1,"minecraft:cooked_porkchop":21,"minecraft:bucket":11,"minecraft:andesite":72,"minecraft:golden_pickaxe":160},"minecraft:custom":{"minecraft:mob_kills":93,"minecraft:interact_with_anvil":2,"minecraft:animals_bred":14,"minecraft:interact_with_crafting_table":141,"minecraft:bell_ring":5,"minecraft:leave_game":42,"minecraft:time_since_death":87144,"minecraft:climb_one_cm":313,"minecraft:sprint_one_cm":901921,"minecraft:walk_one_cm":1564759,"minecraft:damage_blocked_by_shield":5143,"minecraft:drop":226,"minecraft:talked_to_villager":298,"minecraft:play_time":760527,"minecraft:deaths":9,"minecraft:sneak_time":1496,"minecraft:walk_under_water_one_cm":12474,"minecraft:boat_one_cm":273143,"minecraft:jump":5322,"minecraft:interact_with_blast_furnace":17,"minecraft:walk_on_water_one_cm":48672,"minecraft:total_world_time":760527,"minecraft:interact_with_furnace":104,"minecraft:traded_with_villager":55,"minecraft:interact_with_grindstone":1,"minecraft:sleep_in_bed":19,"minecraft:time_since_rest":9311,"minecraft:damage_taken":4741,"minecraft:damage_dealt":14265,"minecraft:swim_one_cm":57847,"minecraft:fly_one_cm":880272,"minecraft:open_chest":70,"minecraft:crouch_one_cm":3424,"minecraft:interact_with_smoker":3,"minecraft:fall_one_cm":132576},"minecraft:picked_up":{"minecraft:crafting_table":30,"minecraft:wheat":6,"minecraft:chicken":4,"minecraft:wooden_pickaxe":1,"minecraft:shield":1,"minecraft:string":10,"minecraft:raw_copper":12,"minecraft:iron_axe":1,"minecraft:wooden_sword":1,"minecraft:cobbled_deepslate":4246,"minecraft:beef":34,"minecraft:poppy":3,"minecraft:iron_pickaxe":3,"minecraft:lectern":223,"minecraft:sugar_cane":61,"minecraft:egg":1,"minecraft:iron_boots":3,"minecraft:furnace":14,"minecraft:stick":22,"minecraft:raw_iron":137,"minecraft:oak_fence":1,"minecraft:torch":85,"minecraft:acacia_log":145,"minecraft:porkchop":22,"minecraft:diorite":57,"minecraft:carrot":56,"minecraft:redstone":191,"minecraft:stone_sword":3,"minecraft:arrow":21,"minecraft:rotten_flesh":33,"minecraft:hay_block":8,"minecraft:gold_ingot":14,"minecraft:white_terracotta":1,"minecraft:mutton":15,"minecraft:rail":1,"minecraft:white_wool":16,"minecraft:cobblestone":1434,"minecraft:stripped_oak_log":4,"minecraft:feather":2,"minecraft:water_bucket":1,"minecraft:andesite":124,"minecraft:leather":21,"minecraft:potato":1,"minecraft:flint":23,"minecraft:tuff":564,"minecraft:oak_log":308,"minecraft:golden_boots":1,"minecraft:gunpowder":5,"minecraft:acacia_boat":3,"minecraft:dirt":272,"minecraft:lapis_lazuli":331,"minecraft:bone":15,"minecraft:acacia_planks":39,"minecraft:apple":3,"minecraft:bow":2,"minecraft:wheat_seeds":24,"minecraft:raw_gold":139,"minecraft:oak_fence_gate":1,"minecraft:iron_ingot":18,"minecraft:grindstone":2,"minecraft:stone_pickaxe":3,"minecraft:acacia_sapling":1,"minecraft:oak_planks":15,"minecraft:book":17,"minecraft:gravel":192,"minecraft:sand":2,"minecraft:blast_furnace":5,"minecraft:white_bed":1,"minecraft:spider_eye":5,"minecraft:diamond":41,"minecraft:stone_axe":1,"minecraft:iron_helmet":1,"minecraft:granite":51,"minecraft:oak_sapling":16,"minecraft:coal":99,"minecraft:diamond_pickaxe":1}},"DataVersion":3120}