{"stats":{"minecraft:crafted":{"minecraft:wooden_sword":1,"minecraft:smooth_stone":3,"minecraft:oak_planks":800,"minecraft:cooked_chicken":4,"minecraft:furnace":4,"minecraft:blast_furnace":1,"minecraft:stone":3,"minecraft:bone_meal":18,"minecraft:bookshelf":3,"minecraft:cooked_mutton":13,"minecraft:bow":1,"minecraft:stone_pickaxe":11,"minecraft:chest":2,"minecraft:smoker":1,"minecraft:wheat":72,"minecraft:cooked_beef":8,"minecraft:golden_axe":2,"minecraft:emerald":51,"minecraft:cooked_porkchop":22,"minecraft:crafting_table":9,"minecraft:acacia_slab":6,"minecraft:wooden_pickaxe":11,"minecraft:iron_helmet":1,"minecraft:brown_dye":1,"minecraft:golden_pickaxe":6,"minecraft:bucket":1,"minecraft:stone_axe":5,"minecraft:enchanted_book":4,"minecraft:acacia_boat":2,"minecraft:bread":11,"minecraft:lectern":1,"minecraft:iron_chestplate":1,"minecraft:book":18,"minecraft:paper":54,"minecraft:charcoal":39,"minecraft:diamond_pickaxe":1,"minecraft:shield":2,"minecraft:stick":1780,"minecraft:iron_ingot":61,"minecraft:iron_pickaxe":8,"minecraft:wooden_axe":5,"minecraft:iron_block":2,"minecraft:stone_sword":2,"minecraft:iron_leggings":1,"minecraft:gold_ingot":29,"minecraft:white_bed":1,"minecraft:acacia_planks":424,"minecraft:torch":188,"minecraft:diamond_chestplate":1},"minecraft:killed_by":{"minecraft:zombie":4},"minecraft:killed":{"minecraft:spider":3,"minecraft:skeleton":12,"minecraft:chicken":4,"minecraft:husk":1,"minecraft:pig":11,"minecraft:creeper":1,"minecraft:sheep":8,"minecraft:zombie":28,"minecraft:cow":7},"minecraft:dropped":{"minecraft:enchanted_book":1,"minecraft:wheat_seeds":4,"minecraft:lapis_lazuli":20,"minecraft:cobblestone":562,"minecraft:granite":49,"minecraft:rail":1,"minecraft:stick":10,"minecraft:dirt":42,"minecraft:diorite":51,"minecraft:wooden_axe":2,"minecraft:wooden_sword":1,"minecraft:iron_pickaxe":1,"minecraft:string":1,"minecraft:acacia_planks":2,"minecraft:white_wool":12,"minecraft:redstone":24,"minecraft:furnace":1,"minecraft:gravel":148,"minecraft:stone_axe":3,"minecraft:stone_sword":1,"minecraft:cobbled_deepslate":1599,"minecraft:raw_copper":12,"minecraft:tuff":275,"minecraft:rotten_flesh":4,"minecraft:oak_planks":2,"minecraft:white_bed":1,"minecraft:carrot":48,"minecraft:shield":1,"minecraft:andesite":25,"minecraft:oak_sapling":1,"minecraft:acacia_sapling":1,"minecraft:spider_eye":2,"minecraft:stone_pickaxe":2,"minecraft:wooden_pickaxe":10},"minecraft:mined":{"minecraft:tuff":320,"minecraft:deepslate_diamond_ore":12,"minecraft:granite":49,"minecraft:acacia_log":149,"minecraft:grass_block":59,"minecraft:sandstone":1,"minecraft:hay_block":8,"minecraft:carrots":11,"minecraft:furnace":13,"minecraft:iron_ore":93,"minecraft:cobbled_deepslate":23,"minecraft:andesite":90,"minecraft:deepslate_lapis_ore":14,"minecraft:bookshelf":2,"minecraft:deepslate_iron_ore":21,"minecraft:rail":1,"minecraft:stripped_oak_log":4,"minecraft:stone":819,"minecraft:deepslate_redstone_ore":5,"minecraft:acacia_leaves":22,"minecraft:crafting_table":20,"minecraft:torch":37,"minecraft:blast_furnace":3,"minecraft:lectern":226,"minecraft:cobblestone":38,"minecraft:copper_ore":3,"minecraft:tall_grass":7,"minecraft:deepslate_gold_ore":32,"minecraft:lapis_ore":8,"minecraft:grindstone":2,"minecraft:oak_planks":13,"minecraft:sugar_cane":27,"minecraft:diorite":49,"minecraft:wall_torch":26,"minecraft:white_terracotta":1,"minecraft:blue_terracotta":1,"minecraft:wheat":6,"minecraft:grass":41,"minecraft:oak_log":249,"minecraft:coal_ore":79,"minecraft:gravel":126,"minecraft:sand":2,"minecraft:dirt":130,"minecraft:cobweb":5,"minecraft:acacia_planks":1,"minecraft:gold_ore":8,"minecraft:oak_leaves":52,"minecraft:deepslate":2145},"minecraft:broken":{"minecraft:stone_sword":1,"minecraft:wooden_pickaxe":1,"minecraft:stone_pickaxe":5,"minecraft:golden_axe":2,"minecraft:stone_axe":2,"minecraft:iron_pickaxe":6,"minecraft:golden_pickaxe":5},"minecraft:used":{"minecraft:stone_sword":155,"minecraft:chest":1,"minecraft:shield":37,"minecraft:white_terracotta":1,"minecraft:cooked_chicken":4,"minecraft:rotten_flesh":1,"minecraft:iron_chestplate":1,"minecraft:torch":238,"minecraft:dirt":180,"minecraft:carrot":16,"minecraft:wooden_axe":51,"minecraft:bookshelf":2,"minecraft:iron_axe":203,"minecraft:iron_helmet":1,"minecraft:iron_boots":1,"minecraft:bow":14,"minecraft:beef":7,"minecraft:furnace":15,"minecraft:oak_sapling":10,"minecraft:egg":1,"minecraft:cooked_beef":6,"minecraft:acacia_planks":6,"minecraft:cobbled_deepslate":224,"minecraft:golden_axe":65,"minecraft:iron_leggings":1,"minecraft:wheat_seeds":2,"minecraft:cooked_mutton":9,"minecraft:acacia_boat":4,"minecraft:water_bucket":7,"minecraft:stone_pickaxe":851,"minecraft:oak_planks":32,"minecraft:wooden_pickaxe":182,"minecraft:sand":2,"minecraft:blast_furnace":2,"minecraft:crafting_table":26,"minecraft:white_bed":1,"minecraft:smoker":1,"minecraft:diamond_pickaxe":947,"minecraft:bread":11,"minecraft:iron_pickaxe":1828,"minecraft:lectern":224,"minecraft:stone_axe":555,"minecraft:cobblestone":190,"minecraft:grindstone":1,"minecraft:cooked_porkchop":21,"minecraft:bucket":8,"minecraft:andesite":63,"minecraft:golden_pickaxe":160},"minecraft:custom":{"minecraft:mob_kills":76,"minecraft:animals_bred":14,"minecraft:interact_with_crafting_table":106,"minecraft:bell_ring":5,"minecraft:leave_game":31,"minecraft:time_since_death":24856,"minecraft:climb_one_cm":313,"minecraft:sprint_one_cm":798156,"minecraft:walk_one_cm":1246813,"minecraft:damage_blocked_by_shield":2173,"minecraft:drop":161,"minecraft:talked_to_villager":298,"minecraft:play_time":588686,"minecraft:deaths":8,"minecraft:sneak_time":1416,"minecraft:walk_under_water_one_cm":8275,"minecraft:boat_one_cm":273143,"minecraft:jump":4821,"minecraft:walk_on_water_one_cm":47647,"minecraft:total_world_time":588686,"minecraft:interact_with_furnace":92,"minecraft:traded_with_villager":55,"minecraft:interact_with_grindstone":1,"minecraft:sleep_in_bed":17,"minecraft:time_since_rest":22407,"minecraft:damage_taken":4156,"minecraft:damage_dealt":11177,"minecraft:swim_one_cm":53935,"minecraft:fly_one_cm":831036,"minecraft:open_chest":64,"minecraft:crouch_one_cm":3409,"minecraft:interact_with_smoker":2,"minecraft:fall_one_cm":126083},"minecraft:picked_up":{"minecraft:crafting_table":20,"minecraft:wheat":6,"minecraft:chicken":4,"minecraft:wooden_pickaxe":1,"minecraft:shield":1,"minecraft:string":10,"minecraft:raw_copper":12,"minecraft:wooden_sword":1,"minecraft:cobbled_deepslate":2091,"minecraft:beef":15,"minecraft:poppy":3,"minecraft:iron_pickaxe":1,"minecraft:lectern":223,"minecraft:sugar_cane":61,"minecraft:egg":1,"minecraft:iron_boots":2,"minecraft:furnace":14,"minecraft:stick":22,"minecraft:raw_iron":114,"minecraft:oak_fence":1,"minecraft:torch":68,"minecraft:acacia_log":145,"minecraft:porkchop":22,"minecraft:diorite":53,"minecraft:carrot":56,"minecraft:redstone":24,"minecraft:stone_sword":2,"minecraft:arrow":17,"minecraft:rotten_flesh":30,"minecraft:hay_block":8,"minecraft:gold_ingot":14,"minecraft:white_terracotta":1,"minecraft:mutton":13,"minecraft:cobblestone":1001,"minecraft:rail":1,"minecraft:white_wool":16,"minecraft:stripped_oak_log":4,"minecraft:feather":2,"minecraft:andesite":95,"minecraft:leather":16,"minecraft:flint":15,"minecraft:tuff":275,"minecraft:oak_log":298,"minecraft:gunpowder":4,"minecraft:acacia_boat":3,"minecraft:lapis_lazuli":156,"minecraft:dirt":228,"minecraft:bone":15,"minecraft:acacia_planks":39,"minecraft:apple":3,"minecraft:bow":2,"minecraft:wheat_seeds":24,"minecraft:raw_gold":39,"minecraft:oak_fence_gate":1,"minecraft:grindstone":2,"minecraft:iron_ingot":14,"minecraft:stone_pickaxe":2,"minecraft:acacia_sapling":1,"minecraft:oak_planks":15,"minecraft:book":17,"minecraft:gravel":148,"minecraft:sand":2,"minecraft:blast_furnace":3,"minecraft:white_bed":1,"minecraft:spider_eye":5,"minecraft:diamond":13,"minecraft:stone_axe":1,"minecraft:granite":49,"minecraft:oak_sapling":16,"minecraft:coal":78}},"DataVersion":3120}