{"stats":{"minecraft:killed":{"minecraft:spider":3,"minecraft:skeleton":9,"minecraft:chicken":4,"minecraft:husk":1,"minecraft:pig":11,"minecraft:creeper":1,"minecraft:sheep":8,"minecraft:zombie":11,"minecraft:cow":7},"minecraft:picked_up":{"minecraft:crafting_table":15,"minecraft:wheat":6,"minecraft:chicken":4,"minecraft:string":9,"minecraft:raw_copper":5,"minecraft:cobbled_deepslate":2086,"minecraft:beef":15,"minecraft:poppy":3,"minecraft:lectern":223,"minecraft:sugar_cane":61,"minecraft:egg":1,"minecraft:iron_boots":1,"minecraft:furnace":13,"minecraft:stick":18,"minecraft:raw_iron":58,"minecraft:oak_fence":1,"minecraft:torch":62,"minecraft:acacia_log":145,"minecraft:porkchop":22,"minecraft:diorite":21,"minecraft:carrot":56,"minecraft:redstone":24,"minecraft:arrow":16,"minecraft:rotten_flesh":16,"minecraft:hay_block":7,"minecraft:gold_ingot":14,"minecraft:white_terracotta":1,"minecraft:mutton":11,"minecraft:cobblestone":755,"minecraft:rail":1,"minecraft:white_wool":16,"minecraft:stripped_oak_log":1,"minecraft:feather":2,"minecraft:andesite":70,"minecraft:leather":16,"minecraft:flint":15,"minecraft:tuff":275,"minecraft:oak_log":219,"minecraft:gunpowder":4,"minecraft:acacia_boat":3,"minecraft:lapis_lazuli":144,"minecraft:dirt":222,"minecraft:bone":11,"minecraft:acacia_planks":39,"minecraft:apple":3,"minecraft:bow":1,"minecraft:wheat_seeds":23,"minecraft:raw_gold":39,"minecraft:oak_fence_gate":1,"minecraft:grindstone":2,"minecraft:iron_ingot":14,"minecraft:stone_pickaxe":1,"minecraft:acacia_sapling":1,"minecraft:oak_planks":13,"minecraft:book":17,"minecraft:gravel":145,"minecraft:sand":2,"minecraft:blast_furnace":3,"minecraft:white_bed":1,"minecraft:spider_eye":3,"minecraft:diamond":13,"minecraft:stone_axe":1,"minecraft:granite":49,"minecraft:oak_sapling":15,"minecraft:coal":78},"minecraft:custom":{"minecraft:mob_kills":56,"minecraft:animals_bred":10,"minecraft:interact_with_crafting_table":92,"minecraft:bell_ring":5,"minecraft:leave_game":29,"minecraft:time_since_death":10928,"minecraft:climb_one_cm":313,"minecraft:sprint_one_cm":724925,"minecraft:walk_one_cm":1135463,"minecraft:damage_blocked_by_shield":1418,"minecraft:drop":132,"minecraft:talked_to_villager":297,"minecraft:play_time":535098,"minecraft:deaths":4,"minecraft:sneak_time":1372,"minecraft:walk_under_water_one_cm":8275,"minecraft:boat_one_cm":273143,"minecraft:jump":4194,"minecraft:walk_on_water_one_cm":47452,"minecraft:total_world_time":535098,"minecraft:interact_with_furnace":87,"minecraft:traded_with_villager":55,"minecraft:interact_with_grindstone":1,"minecraft:sleep_in_bed":15,"minecraft:time_since_rest":6982,"minecraft:damage_taken":2907,"minecraft:damage_dealt":7735,"minecraft:swim_one_cm":35489,"minecraft:fly_one_cm":726409,"minecraft:open_chest":60,"minecraft:crouch_one_cm":3192,"minecraft:interact_with_smoker":2,"minecraft:fall_one_cm":112094},"minecraft:killed_by":{"minecraft:zombie":1},"minecraft:dropped":{"minecraft:enchanted_book":1,"minecraft:wheat_seeds":4,"minecraft:lapis_lazuli":8,"minecraft:cobblestone":455,"minecraft:granite":49,"minecraft:rail":1,"minecraft:stick":6,"minecraft:dirt":42,"minecraft:diorite":19,"minecraft:iron_pickaxe":1,"minecraft:white_wool":12,"minecraft:acacia_planks":2,"minecraft:redstone":24,"minecraft:gravel":143,"minecraft:furnace":1,"minecraft:stone_axe":2,"minecraft:cobbled_deepslate":1594,"minecraft:raw_copper":5,"minecraft:tuff":275,"minecraft:rotten_flesh":4,"minecraft:oak_planks":2,"minecraft:white_bed":1,"minecraft:carrot":48,"minecraft:andesite":12,"minecraft:acacia_sapling":1,"minecraft:wooden_pickaxe":4,"minecraft:stone_pickaxe":2},"minecraft:crafted":{"minecraft:oak_planks":668,"minecraft:cooked_chicken":4,"minecraft:furnace":4,"minecraft:bone_meal":18,"minecraft:bookshelf":3,"minecraft:cooked_mutton":9,"minecraft:bow":1,"minecraft:stone_pickaxe":7,"minecraft:chest":2,"minecraft:smoker":1,"minecraft:wheat":63,"minecraft:cooked_beef":4,"minecraft:golden_axe":2,"minecraft:emerald":51,"minecraft:cooked_porkchop":22,"minecraft:crafting_table":7,"minecraft:acacia_slab":6,"minecraft:wooden_pickaxe":5,"minecraft:brown_dye":1,"minecraft:golden_pickaxe":6,"minecraft:bucket":1,"minecraft:stone_axe":5,"minecraft:enchanted_book":4,"minecraft:acacia_boat":2,"minecraft:bread":11,"minecraft:lectern":1,"minecraft:iron_chestplate":1,"minecraft:book":18,"minecraft:paper":54,"minecraft:charcoal":39,"minecraft:diamond_pickaxe":1,"minecraft:shield":1,"minecraft:stick":1748,"minecraft:iron_ingot":58,"minecraft:iron_pickaxe":8,"minecraft:wooden_axe":2,"minecraft:iron_block":2,"minecraft:stone_sword":1,"minecraft:iron_leggings":1,"minecraft:gold_ingot":29,"minecraft:white_bed":1,"minecraft:acacia_planks":424,"minecraft:torch":188,"minecraft:diamond_chestplate":1},"minecraft:mined":{"minecraft:tuff":320,"minecraft:deepslate_diamond_ore":12,"minecraft:granite":49,"minecraft:acacia_log":149,"minecraft:grass_block":52,"minecraft:sandstone":1,"minecraft:hay_block":7,"minecraft:carrots":11,"minecraft:furnace":12,"minecraft:iron_ore":50,"minecraft:cobbled_deepslate":23,"minecraft:andesite":68,"minecraft:deepslate_lapis_ore":14,"minecraft:bookshelf":2,"minecraft:deepslate_iron_ore":8,"minecraft:rail":1,"minecraft:stripped_oak_log":1,"minecraft:stone":679,"minecraft:deepslate_redstone_ore":5,"minecraft:acacia_leaves":22,"minecraft:crafting_table":15,"minecraft:torch":36,"minecraft:blast_furnace":3,"minecraft:lectern":226,"minecraft:cobblestone":16,"minecraft:copper_ore":1,"minecraft:tall_grass":7,"minecraft:deepslate_gold_ore":32,"minecraft:lapis_ore":6,"minecraft:grindstone":2,"minecraft:oak_planks":11,"minecraft:sugar_cane":27,"minecraft:diorite":19,"minecraft:wall_torch":24,"minecraft:white_terracotta":1,"minecraft:blue_terracotta":1,"minecraft:wheat":6,"minecraft:grass":39,"minecraft:oak_log":219,"minecraft:coal_ore":79,"minecraft:gravel":121,"minecraft:sand":2,"minecraft:dirt":130,"minecraft:cobweb":5,"minecraft:acacia_planks":1,"minecraft:gold_ore":8,"minecraft:oak_leaves":47,"minecraft:deepslate":2139},"minecraft:broken":{"minecraft:wooden_pickaxe":1,"minecraft:stone_pickaxe":5,"minecraft:golden_axe":2,"minecraft:stone_axe":2,"minecraft:iron_pickaxe":6,"minecraft:golden_pickaxe":5},"minecraft:used":{"minecraft:stone_sword":144,"minecraft:chest":1,"minecraft:shield":20,"minecraft:white_terracotta":1,"minecraft:cooked_chicken":4,"minecraft:rotten_flesh":1,"minecraft:iron_chestplate":1,"minecraft:torch":231,"minecraft:dirt":180,"minecraft:carrot":16,"minecraft:wooden_axe":49,"minecraft:bookshelf":2,"minecraft:iron_axe":107,"minecraft:bow":7,"minecraft:beef":7,"minecraft:furnace":15,"minecraft:oak_sapling":10,"minecraft:egg":1,"minecraft:cooked_beef":4,"minecraft:acacia_planks":6,"minecraft:cobbled_deepslate":224,"minecraft:golden_axe":65,"minecraft:iron_leggings":1,"minecraft:wheat_seeds":1,"minecraft:cooked_mutton":9,"minecraft:acacia_boat":4,"minecraft:water_bucket":7,"minecraft:stone_pickaxe":684,"minecraft:oak_planks":30,"minecraft:wooden_pickaxe":121,"minecraft:sand":2,"minecraft:blast_furnace":2,"minecraft:crafting_table":21,"minecraft:white_bed":1,"minecraft:smoker":1,"minecraft:diamond_pickaxe":947,"minecraft:bread":11,"minecraft:iron_pickaxe":1768,"minecraft:lectern":224,"minecraft:stone_axe":545,"minecraft:cobblestone":98,"minecraft:grindstone":1,"minecraft:cooked_porkchop":16,"minecraft:bucket":8,"minecraft:andesite":53,"minecraft:golden_pickaxe":160}},"DataVersion":3120}