{"stats":{"minecraft:killed":{"minecraft:spider":3,"minecraft:skeleton":1,"minecraft:horse":9,"minecraft:bee":1,"minecraft:chicken":3,"minecraft:husk":1,"minecraft:pig":18,"minecraft:iron_golem":10,"minecraft:wandering_trader":1,"minecraft:squid":1,"minecraft:sheep":24,"minecraft:trader_llama":4,"minecraft:zombie":1,"minecraft:villager":1,"minecraft:cow":27},"minecraft:picked_up":{"minecraft:crafting_table":7,"minecraft:iron_chestplate":1,"minecraft:wheat":47,"minecraft:chicken":2,"minecraft:lead":6,"minecraft:stone_slab":3,"minecraft:oak_stairs":5,"minecraft:enchanted_book":1,"minecraft:shield":1,"minecraft:oak_trapdoor":3,"minecraft:jungle_trapdoor":1,"minecraft:string":98,"minecraft:moss_carpet":1,"minecraft:iron_axe":3,"minecraft:iron_leggings":1,"minecraft:spruce_planks":3,"minecraft:beef":56,"minecraft:light_gray_wool":1,"minecraft:poppy":9,"minecraft:iron_pickaxe":2,"minecraft:lectern":29,"minecraft:chest":6,"minecraft:furnace":2,"minecraft:iron_boots":1,"minecraft:egg":1,"minecraft:stick":135,"minecraft:raw_iron":1,"minecraft:sandstone":36,"minecraft:composter":1,"minecraft:oak_fence":2,"minecraft:torch":19,"minecraft:acacia_log":22,"minecraft:spruce_stairs":2,"minecraft:porkchop":43,"minecraft:carrot":66,"minecraft:stone_pressure_plate":2,"minecraft:iron_horse_armor":1,"minecraft:cauldron":4,"minecraft:tnt":9,"minecraft:arrow":2,"minecraft:stone_shovel":4,"minecraft:mangrove_roots":2,"minecraft:saddle":1,"minecraft:white_terracotta":26,"minecraft:mutton":37,"minecraft:white_wool":25,"minecraft:cobblestone":229,"minecraft:stripped_oak_log":62,"minecraft:feather":2,"minecraft:cooked_beef":27,"minecraft:tripwire_hook":6,"minecraft:cut_sandstone":2,"minecraft:leather":41,"minecraft:potato":12,"minecraft:flint":4,"minecraft:oak_log":325,"minecraft:yellow_bed":3,"minecraft:acacia_boat":2,"minecraft:dirt":97,"minecraft:leather_boots":1,"minecraft:bone":2,"minecraft:apple":7,"minecraft:stonecutter":1,"minecraft:wheat_seeds":178,"minecraft:stone_pickaxe":2,"minecraft:oak_fence_gate":1,"minecraft:grindstone":16,"minecraft:iron_ingot":31,"minecraft:fletching_table":6,"minecraft:oak_planks":492,"minecraft:iron_sword":4,"minecraft:stone_hoe":1,"minecraft:oak_pressure_plate":1,"minecraft:gravel":40,"minecraft:sand":23,"minecraft:blast_furnace":1,"minecraft:white_bed":12,"minecraft:grass_block":1,"minecraft:chiseled_sandstone":1,"minecraft:spider_eye":1,"minecraft:mossy_cobblestone":3,"minecraft:iron_helmet":1,"minecraft:granite":1,"minecraft:emerald":1,"minecraft:bread":7,"minecraft:oak_button":1,"minecraft:oak_sapling":66,"minecraft:coal":26,"minecraft:ender_pearl":1},"minecraft:custom":{"minecraft:mob_kills":105,"minecraft:interact_with_crafting_table":58,"minecraft:bell_ring":3,"minecraft:leave_game":7,"minecraft:time_since_death":166068,"minecraft:climb_one_cm":4044,"minecraft:sprint_one_cm":709278,"minecraft:walk_one_cm":945883,"minecraft:damage_blocked_by_shield":171,"minecraft:drop":98,"minecraft:talked_to_villager":230,"minecraft:play_time":501049,"minecraft:deaths":3,"minecraft:sneak_time":5695,"minecraft:walk_under_water_one_cm":14544,"minecraft:boat_one_cm":173348,"minecraft:jump":4671,"minecraft:walk_on_water_one_cm":105271,"minecraft:total_world_time":501049,"minecraft:interact_with_furnace":15,"minecraft:traded_with_villager":111,"minecraft:interact_with_stonecutter":3,"minecraft:sleep_in_bed":24,"minecraft:time_since_rest":4960,"minecraft:damage_taken":3093,"minecraft:damage_dealt":22938,"minecraft:swim_one_cm":43145,"minecraft:fly_one_cm":692744,"minecraft:open_chest":50,"minecraft:crouch_one_cm":6354,"minecraft:fall_one_cm":134055},"minecraft:killed_by":{"minecraft:iron_golem":1,"minecraft:skeleton":1},"minecraft:dropped":{"minecraft:bread":18,"minecraft:porkchop":1,"minecraft:iron_sword":2,"minecraft:wheat_seeds":21,"minecraft:oak_pressure_plate":1,"minecraft:cooked_beef":1,"minecraft:oak_fence":2,"minecraft:feather":2,"minecraft:cobblestone":3,"minecraft:iron_horse_armor":2,"minecraft:emerald":1,"minecraft:stick":6,"minecraft:dirt":7,"minecraft:oak_stairs":5,"minecraft:iron_axe":1,"minecraft:iron_pickaxe":1,"minecraft:string":19,"minecraft:cauldron":4,"minecraft:bone":2,"minecraft:stone_axe":1,"minecraft:stone_sword":1,"minecraft:composter":1,"minecraft:stone_shovel":4,"minecraft:grindstone":4,"minecraft:oak_planks":1,"minecraft:iron_boots":1,"minecraft:stone_slab":3,"minecraft:poppy":5,"minecraft:oak_fence_gate":1,"minecraft:cobblestone_slab":60,"minecraft:oak_button":1,"minecraft:leather_boots":1,"minecraft:stone_pressure_plate":1,"minecraft:spider_eye":1,"minecraft:sandstone":12,"minecraft:arrow":2,"minecraft:stone_pickaxe":1,"minecraft:lectern":1},"minecraft:mined":{"minecraft:stone_pressure_plate":1,"minecraft:spruce_planks":3,"minecraft:white_bed":12,"minecraft:oak_sapling":10,"minecraft:mossy_cobblestone":6,"minecraft:mangrove_roots":2,"minecraft:granite":1,"minecraft:acacia_log":22,"minecraft:grass_block":73,"minecraft:composter":1,"minecraft:oxeye_daisy":1,"minecraft:mangrove_propagule":1,"minecraft:sandstone":25,"minecraft:oak_trapdoor":3,"minecraft:furnace":2,"minecraft:carrots":15,"minecraft:iron_ore":1,"minecraft:chiseled_sandstone":1,"minecraft:fletching_table":6,"minecraft:potatoes":2,"minecraft:water_cauldron":4,"minecraft:oak_stairs":8,"minecraft:stripped_oak_log":62,"minecraft:stone":195,"minecraft:tripwire":26,"minecraft:jungle_trapdoor":1,"minecraft:cut_sandstone":6,"minecraft:acacia_leaves":8,"minecraft:glass_pane":2,"minecraft:dandelion":3,"minecraft:oak_fence":3,"minecraft:crafting_table":7,"minecraft:torch":2,"minecraft:blast_furnace":1,"minecraft:poppy":2,"minecraft:chest":6,"minecraft:dead_bush":11,"minecraft:lectern":25,"minecraft:cobblestone":66,"minecraft:tall_grass":60,"minecraft:grindstone":13,"minecraft:oak_planks":43,"minecraft:wall_torch":2,"minecraft:spruce_stairs":2,"minecraft:white_terracotta":23,"minecraft:wheat":55,"minecraft:tnt":9,"minecraft:yellow_bed":3,"minecraft:grass":394,"minecraft:coal_ore":26,"minecraft:oak_log":328,"minecraft:oak_fence_gate":1,"minecraft:gravel":24,"minecraft:sand":24,"minecraft:dirt":33,"minecraft:tripwire_hook":6,"minecraft:oak_button":1,"minecraft:stonecutter":1,"minecraft:oak_leaves":84,"minecraft:fern":2},"minecraft:crafted":{"minecraft:grindstone":3,"minecraft:oak_planks":1514,"minecraft:smooth_stone":7,"minecraft:stone_shovel":1,"minecraft:cobblestone_slab":57,"minecraft:tripwire_hook":4,"minecraft:furnace":2,"minecraft:blast_furnace":2,"minecraft:stone":10,"minecraft:lever":1,"minecraft:bookshelf":1,"minecraft:cooked_mutton":5,"minecraft:oak_trapdoor":2,"minecraft:iron_boots":4,"minecraft:iron_axe":13,"minecraft:stone_pickaxe":2,"minecraft:oak_button":1,"minecraft:stone_hoe":1,"minecraft:oak_slab":6,"minecraft:emerald":95,"minecraft:crafting_table":3,"minecraft:wooden_pickaxe":2,"minecraft:iron_sword":2,"minecraft:fletching_table":2,"minecraft:bucket":1,"minecraft:stone_axe":2,"minecraft:bread":14,"minecraft:acacia_boat":1,"minecraft:lectern":1,"minecraft:book":6,"minecraft:iron_chestplate":1,"minecraft:shield":1,"minecraft:stick":3048,"minecraft:stone_slab":6,"minecraft:iron_pickaxe":1,"minecraft:stone_sword":1,"minecraft:iron_leggings":1,"minecraft:white_bed":2,"minecraft:acacia_planks":68,"minecraft:torch":32,"minecraft:shears":1},"minecraft:broken":{"minecraft:wooden_pickaxe":1,"minecraft:iron_axe":2,"minecraft:iron_sword":1,"minecraft:iron_pickaxe":1},"minecraft:used":{"minecraft:oak_trapdoor":5,"minecraft:moss_carpet":1,"minecraft:stone_sword":217,"minecraft:stone_shovel":113,"minecraft:poppy":3,"minecraft:chest":6,"minecraft:iron_sword":270,"minecraft:shield":2,"minecraft:white_terracotta":22,"minecraft:stone":64,"minecraft:stone_hoe":4,"minecraft:torch":25,"minecraft:dirt":83,"minecraft:mutton":13,"minecraft:granite":1,"minecraft:coal_ore":18,"minecraft:grass_block":1,"minecraft:iron_axe":684,"minecraft:light_gray_wool":1,"minecraft:tripwire_hook":8,"minecraft:beef":7,"minecraft:furnace":2,"minecraft:oak_sapling":68,"minecraft:egg":1,"minecraft:stone_pressure_plate":1,"minecraft:cooked_beef":31,"minecraft:acacia_planks":3,"minecraft:wheat_seeds":73,"minecraft:cooked_mutton":2,"minecraft:acacia_boat":3,"minecraft:water_bucket":3,"minecraft:stone_pickaxe":153,"minecraft:oak_planks":8,"minecraft:sandstone":24,"minecraft:wooden_pickaxe":65,"minecraft:cut_sandstone":2,"minecraft:stonecutter":1,"minecraft:fletching_table":8,"minecraft:mossy_cobblestone":3,"minecraft:sand":10,"minecraft:crafting_table":9,"minecraft:blast_furnace":2,"minecraft:white_bed":14,"minecraft:shears":18,"minecraft:oak_log":7,"minecraft:lever":1,"minecraft:chiseled_sandstone":1,"minecraft:bread":3,"minecraft:oak_button":1,"minecraft:string":75,"minecraft:iron_pickaxe":230,"minecraft:lectern":29,"minecraft:stone_axe":96,"minecraft:cobblestone":147,"minecraft:grindstone":13,"minecraft:porkchop":3,"minecraft:bucket":3,"minecraft:yellow_bed":3,"minecraft:stripped_oak_log":1}},"DataVersion":3120}