{"stats":{"minecraft:custom":{"minecraft:jump":31,"minecraft:time_since_rest":1632,"minecraft:leave_game":1,"minecraft:walk_on_water_one_cm":2018,"minecraft:deaths":1,"minecraft:sprint_one_cm":13535,"minecraft:play_time":3308,"minecraft:damage_taken":265,"minecraft:time_since_death":1612,"minecraft:walk_one_cm":5637,"minecraft:total_world_time":3308,"minecraft:walk_under_water_one_cm":555,"minecraft:fall_one_cm":1111,"minecraft:fly_one_cm":6825},"minecraft:mined":{"minecraft:sand":1},"minecraft:picked_up":{"minecraft:sand":1}},"DataVersion":3120}