{"stats":{"minecraft:killed":{"minecraft:witch":7,"minecraft:spider":6,"minecraft:skeleton":286,"minecraft:chicken":1,"minecraft:piglin_brute":2,"minecraft:magma_cube":35,"minecraft:piglin":3,"minecraft:pig":6,"minecraft:zombie_villager":9,"minecraft:salmon":15,"minecraft:iron_golem":4,"minecraft:creeper":223,"minecraft:sheep":7,"minecraft:pillager":1,"minecraft:zombie":285,"minecraft:cow":2,"minecraft:hoglin":3,"minecraft:villager":32},"minecraft:picked_up":{"minecraft:wheat":8,"minecraft:smithing_table":1,"minecraft:diamond_sword":1,"minecraft:nether_brick":6,"minecraft:brewing_stand":2,"minecraft:string":7,"minecraft:raw_copper":20,"minecraft:beetroot":1,"minecraft:cobbled_deepslate":142,"minecraft:redstone_torch":1,"minecraft:iron_pickaxe":1,"minecraft:melon_slice":45,"minecraft:furnace":4,"minecraft:golden_helmet":1,"minecraft:stick":6,"minecraft:composter":5,"minecraft:oak_fence":21,"minecraft:torch":30,"minecraft:porkchop":11,"minecraft:diorite":65,"minecraft:golden_chestplate":2,"minecraft:rotten_flesh":21,"minecraft:bookshelf":18,"minecraft:obsidian":14,"minecraft:cobblestone":587,"minecraft:enchanting_table":8,"minecraft:leather_chestplate":2,"minecraft:water_bucket":1,"minecraft:andesite":21,"minecraft:golden_leggings":2,"minecraft:smoker":6,"minecraft:potato":52,"minecraft:flint":18,"minecraft:lapis_lazuli":128,"minecraft:dirt":179,"minecraft:bone":25,"minecraft:bow":1,"minecraft:stonecutter":2,"minecraft:wheat_seeds":32,"minecraft:raw_gold":22,"minecraft:fletching_table":7,"minecraft:powered_rail":2,"minecraft:oak_planks":97,"minecraft:cooked_porkchop":11,"minecraft:sand":5,"minecraft:mossy_cobblestone":2,"minecraft:cracked_polished_blackstone_bricks":31,"minecraft:granite":34,"minecraft:oak_sapling":28,"minecraft:netherrack":68,"minecraft:crimson_roots":1,"minecraft:diamond_pickaxe":1,"minecraft:crafting_table":8,"minecraft:splash_potion":1,"minecraft:gold_block":14,"minecraft:shield":1,"minecraft:oak_trapdoor":1,"minecraft:iron_axe":1,"minecraft:blackstone":21,"minecraft:beef":4,"minecraft:oak_boat":5,"minecraft:poppy":6,"minecraft:lectern":181,"minecraft:minecart":16,"minecraft:chest":3,"minecraft:egg":4,"minecraft:raw_iron":69,"minecraft:fire_charge":1,"minecraft:polished_blackstone_bricks":43,"minecraft:carrot":81,"minecraft:redstone":68,"minecraft:tnt":7,"minecraft:arrow":17,"minecraft:beetroot_seeds":2,"minecraft:hay_block":11,"minecraft:mutton":8,"minecraft:white_wool":35,"minecraft:rail":15,"minecraft:oxeye_daisy":2,"minecraft:stripped_oak_log":8,"minecraft:basalt":2,"minecraft:crimson_stem":15,"minecraft:salmon":15,"minecraft:leather":3,"minecraft:oak_log":282,"minecraft:nether_wart_block":1,"minecraft:golden_boots":1,"minecraft:yellow_bed":16,"minecraft:gunpowder":3,"minecraft:blue_bed":1,"minecraft:apple":4,"minecraft:iron_ingot":9,"minecraft:oak_fence_gate":3,"minecraft:stripped_oak_wood":2,"minecraft:iron_sword":1,"minecraft:book":18,"minecraft:oak_slab":4,"minecraft:pumpkin":1,"minecraft:quartz":16,"minecraft:dandelion":6,"minecraft:gravel":226,"minecraft:blast_furnace":9,"minecraft:white_bed":40,"minecraft:crying_obsidian":24,"minecraft:chainmail_leggings":1,"minecraft:coal":179},"minecraft:custom":{"minecraft:animals_bred":1,"minecraft:interact_with_crafting_table":102,"minecraft:bell_ring":8,"minecraft:leave_game":18,"minecraft:time_since_death":296609,"minecraft:sprint_one_cm":1552887,"minecraft:damage_blocked_by_shield":1155,"minecraft:drop":203,"minecraft:talked_to_villager":462,"minecraft:play_time":817005,"minecraft:deaths":2,"minecraft:jump":11805,"minecraft:walk_on_water_one_cm":82977,"minecraft:enchant_item":17,"minecraft:interact_with_furnace":26,"minecraft:traded_with_villager":47,"minecraft:sleep_in_bed":52,"minecraft:damage_dealt":23256,"minecraft:crouch_one_cm":128840,"minecraft:interact_with_smoker":21,"minecraft:inspect_dispenser":11,"minecraft:interact_with_smithing_table":1,"minecraft:interact_with_anvil":5,"minecraft:mob_kills":931,"minecraft:inspect_hopper":6,"minecraft:climb_one_cm":5192,"minecraft:walk_one_cm":1432530,"minecraft:sneak_time":38043,"minecraft:walk_under_water_one_cm":93418,"minecraft:boat_one_cm":36957,"minecraft:interact_with_blast_furnace":14,"minecraft:total_world_time":817005,"minecraft:interact_with_grindstone":9,"minecraft:time_since_rest":44264,"minecraft:damage_taken":4090,"minecraft:minecart_one_cm":9896,"minecraft:swim_one_cm":524709,"minecraft:fly_one_cm":2670661,"minecraft:open_chest":298,"minecraft:fall_one_cm":253196},"minecraft:killed_by":{"minecraft:iron_golem":1},"minecraft:dropped":{"minecraft:iron_sword":1,"minecraft:porkchop":4,"minecraft:cooked_beef":3,"minecraft:leather":1,"minecraft:dirt":3,"minecraft:crimson_roots":1,"minecraft:polished_blackstone_bricks":1,"minecraft:iron_pickaxe":1,"minecraft:gold_ingot":44,"minecraft:bone":4,"minecraft:gravel":94,"minecraft:blackstone":15,"minecraft:golden_chestplate":1,"minecraft:nether_brick":6,"minecraft:wheat":8,"minecraft:obsidian":1,"minecraft:beetroot":1,"minecraft:rotten_flesh":11,"minecraft:oak_planks":46,"minecraft:cooked_mutton":1,"minecraft:carrot":25,"minecraft:poppy":1,"minecraft:leather_chestplate":1,"minecraft:gunpowder":3,"minecraft:beetroot_seeds":2,"minecraft:arrow":4,"minecraft:crying_obsidian":24,"minecraft:quartz":16,"minecraft:netherrack":3,"minecraft:crimson_planks":7,"minecraft:water_bucket":1,"minecraft:wheat_seeds":25,"minecraft:mossy_cobblestone":2,"minecraft:oxeye_daisy":1,"minecraft:fire_charge":1,"minecraft:iron_axe":1,"minecraft:string":1,"minecraft:dandelion":2,"minecraft:raw_copper":10,"minecraft:diamond_sword":1,"minecraft:diamond_pickaxe":1,"minecraft:golden_leggings":1,"minecraft:redstone_torch":2},"minecraft:mined":{"minecraft:white_bed":43,"minecraft:oak_sapling":10,"minecraft:brewing_stand":2,"minecraft:obsidian":13,"minecraft:granite":34,"minecraft:grass_block":61,"minecraft:cracked_polished_blackstone_bricks":32,"minecraft:composter":5,"minecraft:oxeye_daisy":2,"minecraft:polished_blackstone_bricks":46,"minecraft:tall_seagrass":5,"minecraft:fire":1,"minecraft:iron_ore":54,"minecraft:cobbled_deepslate":39,"minecraft:pumpkin":1,"minecraft:fletching_table":7,"minecraft:enchanting_table":7,"minecraft:dirt_path":5,"minecraft:deepslate_redstone_ore":13,"minecraft:blackstone":6,"minecraft:crimson_nylium":8,"minecraft:smoker":7,"minecraft:torch":20,"minecraft:blast_furnace":9,"minecraft:poppy":4,"minecraft:melon":11,"minecraft:chest":3,"minecraft:nether_quartz_ore":11,"minecraft:cobblestone":132,"minecraft:oak_planks":102,"minecraft:seagrass":3,"minecraft:powered_rail":2,"minecraft:nether_wart_block":1,"minecraft:wheat":13,"minecraft:stripped_oak_wood":2,"minecraft:tnt":3,"minecraft:grass":147,"minecraft:oak_log":286,"minecraft:beetroots":1,"minecraft:oak_fence_gate":3,"minecraft:sand":5,"minecraft:dirt":94,"minecraft:stonecutter":2,"minecraft:netherrack":74,"minecraft:oak_leaves":102,"minecraft:deepslate":115,"minecraft:mossy_cobblestone":2,"minecraft:crimson_roots":2,"minecraft:crimson_stem":15,"minecraft:hay_block":11,"minecraft:redstone_ore":2,"minecraft:oak_trapdoor":1,"minecraft:furnace":4,"minecraft:carrots":56,"minecraft:andesite":21,"minecraft:gold_block":14,"minecraft:bookshelf":6,"minecraft:potatoes":34,"minecraft:deepslate_iron_ore":15,"minecraft:rail":15,"minecraft:stripped_oak_log":8,"minecraft:stone":2109,"minecraft:redstone_wall_torch":1,"minecraft:smithing_table":1,"minecraft:oak_slab":4,"minecraft:basalt":2,"minecraft:dandelion":6,"minecraft:oak_fence":21,"minecraft:crafting_table":8,"minecraft:lectern":181,"minecraft:copper_ore":2,"minecraft:tall_grass":10,"minecraft:deepslate_gold_ore":9,"minecraft:diorite":65,"minecraft:blue_bed":1,"minecraft:yellow_bed":16,"minecraft:coal_ore":72,"minecraft:gravel":150,"minecraft:gold_ore":13},"minecraft:crafted":{"minecraft:grindstone":1,"minecraft:oak_planks":1372,"minecraft:cobblestone_slab":30,"minecraft:oak_sign":3,"minecraft:stone":7,"minecraft:cobblestone_stairs":4,"minecraft:bookshelf":5,"minecraft:cooked_mutton":3,"minecraft:hopper":8,"minecraft:glass":2,"minecraft:diamond_helmet":1,"minecraft:diamond_leggings":1,"minecraft:bow":3,"minecraft:chest":20,"minecraft:rail":128,"minecraft:stone_hoe":1,"minecraft:smoker":2,"minecraft:oak_slab":18,"minecraft:emerald":37,"minecraft:cooked_porkchop":55,"minecraft:diamond_axe":1,"minecraft:crafting_table":3,"minecraft:wooden_pickaxe":1,"minecraft:brown_dye":1,"minecraft:smithing_table":1,"minecraft:gold_block":1,"minecraft:fletching_table":5,"minecraft:dispenser":1,"minecraft:lectern":3,"minecraft:diamond_pickaxe":1,"minecraft:shield":1,"minecraft:stick":1288,"minecraft:stone_slab":6,"minecraft:iron_ingot":67,"minecraft:gold_ingot":130,"minecraft:redstone_torch":7,"minecraft:shears":1,"minecraft:fishing_rod":1,"minecraft:furnace":3,"minecraft:stone_button":1,"minecraft:bone_meal":27,"minecraft:diamond_block":2,"minecraft:oak_trapdoor":90,"minecraft:flint_and_steel":1,"minecraft:iron_hoe":1,"minecraft:stone_pickaxe":1,"minecraft:diamond_boots":1,"minecraft:golden_helmet":1,"minecraft:minecart":9,"minecraft:wheat":99,"minecraft:cooked_beef":56,"minecraft:crimson_planks":60,"minecraft:diamond_sword":2,"minecraft:powered_rail":6,"minecraft:iron_sword":1,"minecraft:blue_bed":1,"minecraft:bucket":2,"minecraft:stone_axe":3,"minecraft:enchanted_book":6,"minecraft:bread":33,"minecraft:air":0,"minecraft:oak_boat":2,"minecraft:golden_apple":2,"minecraft:iron_shovel":1,"minecraft:white_bed":5,"minecraft:torch":140,"minecraft:lapis_lazuli":477,"minecraft:lapis_block":33,"minecraft:diamond_chestplate":1},"minecraft:broken":{"minecraft:golden_helmet":1,"minecraft:golden_boots":1,"minecraft:stone_axe":1},"minecraft:used":{"minecraft:iron_shovel":146,"minecraft:dispenser":1,"minecraft:oak_sign":1,"minecraft:chest":15,"minecraft:shield":23,"minecraft:iron_sword":343,"minecraft:carrot":55,"minecraft:obsidian":10,"minecraft:glass":2,"minecraft:lava_bucket":2,"minecraft:bow":81,"minecraft:oak_sapling":29,"minecraft:furnace":5,"minecraft:egg":2,"minecraft:potato":14,"minecraft:diorite":58,"minecraft:powered_rail":8,"minecraft:stone_pickaxe":112,"minecraft:oak_planks":236,"minecraft:blackstone":1,"minecraft:ender_pearl":1,"minecraft:wooden_pickaxe":23,"minecraft:composter":2,"minecraft:blue_bed":2,"minecraft:diamond_axe":304,"minecraft:blast_furnace":5,"minecraft:redstone_torch":6,"minecraft:bread":40,"minecraft:stone_button":1,"minecraft:lectern":184,"minecraft:gravel":76,"minecraft:nether_wart_block":1,"minecraft:diamond_sword":401,"minecraft:grindstone":1,"minecraft:smithing_table":1,"minecraft:andesite":4,"minecraft:oak_boat":5,"minecraft:oak_trapdoor":69,"minecraft:enchanting_table":8,"minecraft:flint_and_steel":1,"minecraft:stone_hoe":15,"minecraft:netherrack":65,"minecraft:torch":145,"minecraft:dirt":95,"minecraft:hopper":8,"minecraft:granite":10,"minecraft:iron_hoe":50,"minecraft:bookshelf":20,"minecraft:iron_axe":241,"minecraft:crimson_planks":53,"minecraft:basalt":2,"minecraft:minecart":2,"minecraft:cooked_beef":4,"minecraft:cobbled_deepslate":393,"minecraft:pumpkin":1,"minecraft:wheat_seeds":1,"minecraft:cooked_mutton":56,"minecraft:water_bucket":63,"minecraft:cobblestone_stairs":1,"minecraft:fletching_table":10,"minecraft:cobblestone_slab":29,"minecraft:polished_blackstone_bricks":16,"minecraft:rail":67,"minecraft:tnt":3,"minecraft:crafting_table":11,"minecraft:white_bed":44,"minecraft:smoker":8,"minecraft:diamond_pickaxe":2889,"minecraft:apple":1,"minecraft:cracked_polished_blackstone_bricks":7,"minecraft:stone_axe":242,"minecraft:cobblestone":1662,"minecraft:cobbled_deepslate_slab":2,"minecraft:cooked_porkchop":19,"minecraft:bucket":70,"minecraft:yellow_bed":16,"minecraft:splash_potion":1}},"DataVersion":3120}