{"stats":{"minecraft:killed":{"minecraft:spider":5,"minecraft:skeleton":4,"minecraft:pig":6,"minecraft:salmon":15,"minecraft:sheep":7,"minecraft:pillager":1,"minecraft:zombie":10,"minecraft:villager":30,"minecraft:cow":2},"minecraft:picked_up":{"minecraft:crafting_table":6,"minecraft:wheat":8,"minecraft:brewing_stand":2,"minecraft:shield":1,"minecraft:string":6,"minecraft:raw_copper":20,"minecraft:iron_axe":1,"minecraft:beetroot":1,"minecraft:cobbled_deepslate":135,"minecraft:beef":4,"minecraft:oak_boat":5,"minecraft:redstone_torch":1,"minecraft:minecart":12,"minecraft:poppy":3,"minecraft:iron_pickaxe":1,"minecraft:lectern":66,"minecraft:melon_slice":45,"minecraft:chest":2,"minecraft:furnace":4,"minecraft:egg":3,"minecraft:golden_helmet":1,"minecraft:stick":6,"minecraft:raw_iron":69,"minecraft:composter":5,"minecraft:oak_fence":21,"minecraft:torch":10,"minecraft:porkchop":7,"minecraft:diorite":65,"minecraft:carrot":81,"minecraft:redstone":68,"minecraft:golden_chestplate":1,"minecraft:tnt":7,"minecraft:rotten_flesh":14,"minecraft:arrow":8,"minecraft:beetroot_seeds":2,"minecraft:hay_block":11,"minecraft:bookshelf":18,"minecraft:mutton":8,"minecraft:rail":15,"minecraft:white_wool":35,"minecraft:cobblestone":532,"minecraft:oxeye_daisy":2,"minecraft:stripped_oak_log":8,"minecraft:enchanting_table":5,"minecraft:leather_chestplate":2,"minecraft:salmon":15,"minecraft:water_bucket":1,"minecraft:andesite":21,"minecraft:leather":2,"minecraft:golden_leggings":1,"minecraft:smoker":6,"minecraft:potato":52,"minecraft:flint":18,"minecraft:oak_log":129,"minecraft:yellow_bed":16,"minecraft:golden_boots":1,"minecraft:lapis_lazuli":128,"minecraft:dirt":162,"minecraft:blue_bed":1,"minecraft:bone":9,"minecraft:apple":3,"minecraft:stonecutter":2,"minecraft:wheat_seeds":32,"minecraft:raw_gold":22,"minecraft:oak_fence_gate":3,"minecraft:stripped_oak_wood":2,"minecraft:fletching_table":7,"minecraft:powered_rail":2,"minecraft:oak_planks":48,"minecraft:iron_sword":1,"minecraft:book":3,"minecraft:oak_slab":3,"minecraft:cooked_porkchop":11,"minecraft:pumpkin":1,"minecraft:dandelion":6,"minecraft:gravel":132,"minecraft:sand":5,"minecraft:blast_furnace":9,"minecraft:white_bed":40,"minecraft:mossy_cobblestone":2,"minecraft:granite":34,"minecraft:oak_sapling":28,"minecraft:coal":135,"minecraft:diamond_pickaxe":1},"minecraft:custom":{"minecraft:mob_kills":80,"minecraft:interact_with_anvil":3,"minecraft:animals_bred":1,"minecraft:inspect_hopper":1,"minecraft:interact_with_crafting_table":70,"minecraft:bell_ring":8,"minecraft:leave_game":12,"minecraft:time_since_death":455102,"minecraft:climb_one_cm":4965,"minecraft:sprint_one_cm":1147484,"minecraft:walk_one_cm":935391,"minecraft:damage_blocked_by_shield":1010,"minecraft:drop":88,"minecraft:talked_to_villager":277,"minecraft:play_time":455102,"minecraft:sneak_time":15464,"minecraft:walk_under_water_one_cm":37961,"minecraft:boat_one_cm":36957,"minecraft:jump":8638,"minecraft:interact_with_blast_furnace":13,"minecraft:walk_on_water_one_cm":49078,"minecraft:enchant_item":4,"minecraft:total_world_time":455102,"minecraft:interact_with_furnace":20,"minecraft:traded_with_villager":24,"minecraft:sleep_in_bed":31,"minecraft:time_since_rest":12984,"minecraft:damage_taken":2635,"minecraft:minecart_one_cm":9896,"minecraft:damage_dealt":10133,"minecraft:swim_one_cm":171721,"minecraft:fly_one_cm":1975006,"minecraft:open_chest":183,"minecraft:crouch_one_cm":57924,"minecraft:interact_with_smoker":16,"minecraft:fall_one_cm":186297,"minecraft:inspect_dispenser":8},"minecraft:dropped":{"minecraft:water_bucket":1,"minecraft:wheat_seeds":25,"minecraft:mossy_cobblestone":2,"minecraft:oxeye_daisy":1,"minecraft:dirt":3,"minecraft:iron_pickaxe":1,"minecraft:bone":1,"minecraft:dandelion":2,"minecraft:raw_copper":10,"minecraft:wheat":8,"minecraft:beetroot":1,"minecraft:rotten_flesh":7,"minecraft:oak_planks":41,"minecraft:carrot":25,"minecraft:poppy":1,"minecraft:leather_chestplate":1,"minecraft:beetroot_seeds":2,"minecraft:redstone_torch":2,"minecraft:arrow":1},"minecraft:mined":{"minecraft:white_bed":43,"minecraft:oak_sapling":10,"minecraft:mossy_cobblestone":2,"minecraft:brewing_stand":2,"minecraft:granite":34,"minecraft:grass_block":58,"minecraft:composter":5,"minecraft:oxeye_daisy":2,"minecraft:hay_block":11,"minecraft:tall_seagrass":5,"minecraft:redstone_ore":2,"minecraft:furnace":4,"minecraft:carrots":56,"minecraft:iron_ore":54,"minecraft:cobbled_deepslate":31,"minecraft:andesite":21,"minecraft:pumpkin":1,"minecraft:fletching_table":7,"minecraft:enchanting_table":4,"minecraft:bookshelf":1,"minecraft:potatoes":34,"minecraft:deepslate_iron_ore":15,"minecraft:dirt_path":5,"minecraft:rail":15,"minecraft:stripped_oak_log":8,"minecraft:stone":2087,"minecraft:redstone_wall_torch":1,"minecraft:deepslate_redstone_ore":13,"minecraft:oak_slab":3,"minecraft:smoker":7,"minecraft:dandelion":6,"minecraft:oak_fence":21,"minecraft:crafting_table":6,"minecraft:torch":1,"minecraft:blast_furnace":9,"minecraft:poppy":4,"minecraft:melon":11,"minecraft:chest":2,"minecraft:lectern":66,"minecraft:copper_ore":2,"minecraft:tall_grass":9,"minecraft:cobblestone":98,"minecraft:deepslate_gold_ore":9,"minecraft:oak_planks":52,"minecraft:diorite":65,"minecraft:blue_bed":1,"minecraft:seagrass":3,"minecraft:powered_rail":2,"minecraft:wheat":13,"minecraft:stripped_oak_wood":2,"minecraft:tnt":3,"minecraft:yellow_bed":16,"minecraft:grass":130,"minecraft:coal_ore":28,"minecraft:oak_log":130,"minecraft:beetroots":1,"minecraft:oak_fence_gate":3,"minecraft:gravel":150,"minecraft:sand":5,"minecraft:dirt":80,"minecraft:stonecutter":2,"minecraft:gold_ore":13,"minecraft:oak_leaves":82,"minecraft:deepslate":115},"minecraft:crafted":{"minecraft:oak_planks":880,"minecraft:cobblestone_slab":24,"minecraft:oak_sign":3,"minecraft:fishing_rod":1,"minecraft:furnace":2,"minecraft:stone_button":1,"minecraft:cobblestone_stairs":4,"minecraft:stone":1,"minecraft:bone_meal":27,"minecraft:bookshelf":2,"minecraft:cooked_mutton":3,"minecraft:diamond_block":2,"minecraft:oak_trapdoor":4,"minecraft:glass":2,"minecraft:hopper":8,"minecraft:bow":2,"minecraft:iron_hoe":1,"minecraft:stone_pickaxe":1,"minecraft:chest":18,"minecraft:rail":128,"minecraft:stone_hoe":1,"minecraft:wheat":99,"minecraft:minecart":7,"minecraft:smoker":2,"minecraft:oak_slab":6,"minecraft:emerald":19,"minecraft:cooked_porkchop":5,"minecraft:crafting_table":2,"minecraft:powered_rail":6,"minecraft:wooden_pickaxe":1,"minecraft:brown_dye":1,"minecraft:iron_sword":1,"minecraft:blue_bed":1,"minecraft:fletching_table":5,"minecraft:gold_block":1,"minecraft:bucket":2,"minecraft:stone_axe":3,"minecraft:enchanted_book":1,"minecraft:bread":33,"minecraft:air":0,"minecraft:dispenser":1,"minecraft:oak_boat":2,"minecraft:lectern":1,"minecraft:golden_apple":2,"minecraft:shield":1,"minecraft:stick":656,"minecraft:iron_ingot":67,"minecraft:iron_shovel":1,"minecraft:gold_ingot":22,"minecraft:white_bed":5,"minecraft:redstone_torch":7,"minecraft:torch":28,"minecraft:shears":1,"minecraft:lapis_lazuli":180,"minecraft:lapis_block":33},"minecraft:broken":{"minecraft:stone_axe":1},"minecraft:used":{"minecraft:oak_trapdoor":4,"minecraft:enchanting_table":4,"minecraft:iron_shovel":146,"minecraft:dispenser":1,"minecraft:oak_sign":1,"minecraft:chest":12,"minecraft:shield":19,"minecraft:iron_sword":220,"minecraft:stone_hoe":15,"minecraft:torch":21,"minecraft:dirt":87,"minecraft:hopper":8,"minecraft:carrot":55,"minecraft:granite":10,"minecraft:glass":2,"minecraft:iron_hoe":50,"minecraft:lava_bucket":2,"minecraft:bookshelf":1,"minecraft:iron_axe":175,"minecraft:bow":1,"minecraft:oak_sapling":29,"minecraft:furnace":4,"minecraft:minecart":2,"minecraft:egg":2,"minecraft:potato":14,"minecraft:cobbled_deepslate":298,"minecraft:pumpkin":1,"minecraft:cooked_mutton":34,"minecraft:wheat_seeds":1,"minecraft:water_bucket":39,"minecraft:diorite":58,"minecraft:cobblestone_stairs":1,"minecraft:stone_pickaxe":112,"minecraft:powered_rail":8,"minecraft:oak_planks":200,"minecraft:wooden_pickaxe":23,"minecraft:composter":2,"minecraft:fletching_table":10,"minecraft:blue_bed":2,"minecraft:cobblestone_slab":24,"minecraft:rail":67,"minecraft:crafting_table":7,"minecraft:tnt":3,"minecraft:blast_furnace":5,"minecraft:white_bed":44,"minecraft:smoker":8,"minecraft:redstone_torch":6,"minecraft:apple":1,"minecraft:diamond_pickaxe":2567,"minecraft:bread":40,"minecraft:stone_button":1,"minecraft:lectern":67,"minecraft:gravel":76,"minecraft:stone_axe":242,"minecraft:cobblestone":877,"minecraft:cooked_porkchop":11,"minecraft:andesite":4,"minecraft:bucket":46,"minecraft:yellow_bed":16,"minecraft:oak_boat":5}},"DataVersion":3120}