{"stats":{"minecraft:used":{"minecraft:oak_trapdoor":69,"minecraft:enchanting_table":6,"minecraft:iron_shovel":146,"minecraft:dispenser":1,"minecraft:oak_sign":1,"minecraft:chest":15,"minecraft:shield":23,"minecraft:iron_sword":343,"minecraft:stone_hoe":15,"minecraft:torch":145,"minecraft:dirt":93,"minecraft:hopper":8,"minecraft:carrot":55,"minecraft:granite":10,"minecraft:glass":2,"minecraft:iron_hoe":50,"minecraft:lava_bucket":2,"minecraft:bookshelf":20,"minecraft:iron_axe":241,"minecraft:bow":1,"minecraft:oak_sapling":29,"minecraft:furnace":5,"minecraft:minecart":2,"minecraft:egg":2,"minecraft:potato":14,"minecraft:cobbled_deepslate":299,"minecraft:pumpkin":1,"minecraft:cooked_mutton":56,"minecraft:wheat_seeds":1,"minecraft:water_bucket":63,"minecraft:diorite":58,"minecraft:cobblestone_stairs":1,"minecraft:diamond_axe":10,"minecraft:stone_pickaxe":112,"minecraft:powered_rail":8,"minecraft:oak_planks":202,"minecraft:wooden_pickaxe":23,"minecraft:composter":2,"minecraft:fletching_table":10,"minecraft:blue_bed":2,"minecraft:cobblestone_slab":29,"minecraft:rail":67,"minecraft:crafting_table":10,"minecraft:tnt":3,"minecraft:blast_furnace":5,"minecraft:white_bed":44,"minecraft:smoker":8,"minecraft:redstone_torch":6,"minecraft:apple":1,"minecraft:diamond_pickaxe":2673,"minecraft:bread":40,"minecraft:stone_button":1,"minecraft:lectern":68,"minecraft:gravel":76,"minecraft:stone_axe":242,"minecraft:diamond_sword":370,"minecraft:cobblestone":1662,"minecraft:cobbled_deepslate_slab":2,"minecraft:grindstone":1,"minecraft:cooked_porkchop":16,"minecraft:smithing_table":1,"minecraft:andesite":4,"minecraft:bucket":70,"minecraft:yellow_bed":16,"minecraft:oak_boat":5},"minecraft:custom":{"minecraft:interact_with_smithing_table":1,"minecraft:mob_kills":885,"minecraft:interact_with_anvil":3,"minecraft:animals_bred":1,"minecraft:inspect_hopper":6,"minecraft:interact_with_crafting_table":97,"minecraft:bell_ring":8,"minecraft:leave_game":16,"minecraft:time_since_death":212399,"minecraft:climb_one_cm":5025,"minecraft:sprint_one_cm":1434202,"minecraft:walk_one_cm":1192311,"minecraft:damage_blocked_by_shield":1155,"minecraft:drop":107,"minecraft:talked_to_villager":299,"minecraft:play_time":732795,"minecraft:deaths":2,"minecraft:sneak_time":26450,"minecraft:walk_under_water_one_cm":93418,"minecraft:boat_one_cm":36957,"minecraft:jump":10946,"minecraft:interact_with_blast_furnace":14,"minecraft:walk_on_water_one_cm":82977,"minecraft:enchant_item":17,"minecraft:total_world_time":732795,"minecraft:interact_with_furnace":26,"minecraft:traded_with_villager":24,"minecraft:interact_with_grindstone":9,"minecraft:sleep_in_bed":48,"minecraft:time_since_rest":344,"minecraft:damage_taken":3865,"minecraft:minecart_one_cm":9896,"minecraft:damage_dealt":21304,"minecraft:swim_one_cm":524709,"minecraft:fly_one_cm":2543680,"minecraft:open_chest":271,"minecraft:crouch_one_cm":107980,"minecraft:interact_with_smoker":20,"minecraft:fall_one_cm":233458,"minecraft:inspect_dispenser":11},"minecraft:killed_by":{"minecraft:iron_golem":1},"minecraft:mined":{"minecraft:white_bed":43,"minecraft:oak_sapling":10,"minecraft:mossy_cobblestone":2,"minecraft:brewing_stand":2,"minecraft:granite":34,"minecraft:grass_block":59,"minecraft:composter":5,"minecraft:oxeye_daisy":2,"minecraft:hay_block":11,"minecraft:tall_seagrass":5,"minecraft:redstone_ore":2,"minecraft:oak_trapdoor":1,"minecraft:furnace":4,"minecraft:carrots":56,"minecraft:iron_ore":54,"minecraft:cobbled_deepslate":35,"minecraft:andesite":21,"minecraft:pumpkin":1,"minecraft:fletching_table":7,"minecraft:enchanting_table":5,"minecraft:bookshelf":3,"minecraft:potatoes":34,"minecraft:deepslate_iron_ore":15,"minecraft:dirt_path":5,"minecraft:rail":15,"minecraft:stripped_oak_log":8,"minecraft:stone":2109,"minecraft:redstone_wall_torch":1,"minecraft:deepslate_redstone_ore":13,"minecraft:oak_slab":4,"minecraft:smoker":7,"minecraft:dandelion":6,"minecraft:oak_fence":21,"minecraft:crafting_table":8,"minecraft:torch":20,"minecraft:blast_furnace":9,"minecraft:poppy":4,"minecraft:melon":11,"minecraft:chest":3,"minecraft:lectern":67,"minecraft:tall_grass":9,"minecraft:copper_ore":2,"minecraft:cobblestone":132,"minecraft:deepslate_gold_ore":9,"minecraft:oak_planks":65,"minecraft:diorite":65,"minecraft:blue_bed":1,"minecraft:seagrass":3,"minecraft:powered_rail":2,"minecraft:wheat":13,"minecraft:stripped_oak_wood":2,"minecraft:tnt":3,"minecraft:yellow_bed":16,"minecraft:grass":145,"minecraft:coal_ore":72,"minecraft:oak_log":173,"minecraft:beetroots":1,"minecraft:oak_fence_gate":3,"minecraft:gravel":150,"minecraft:sand":5,"minecraft:dirt":94,"minecraft:stonecutter":2,"minecraft:gold_ore":13,"minecraft:oak_leaves":93,"minecraft:deepslate":115},"minecraft:killed":{"minecraft:witch":7,"minecraft:spider":6,"minecraft:skeleton":286,"minecraft:chicken":1,"minecraft:pig":6,"minecraft:zombie_villager":9,"minecraft:salmon":15,"minecraft:iron_golem":4,"minecraft:creeper":223,"minecraft:sheep":7,"minecraft:pillager":1,"minecraft:zombie":285,"minecraft:villager":32,"minecraft:cow":2},"minecraft:crafted":{"minecraft:grindstone":1,"minecraft:oak_planks":1104,"minecraft:cobblestone_slab":30,"minecraft:oak_sign":3,"minecraft:fishing_rod":1,"minecraft:furnace":3,"minecraft:stone_button":1,"minecraft:cobblestone_stairs":4,"minecraft:stone":7,"minecraft:bone_meal":27,"minecraft:bookshelf":4,"minecraft:cooked_mutton":3,"minecraft:diamond_block":2,"minecraft:oak_trapdoor":90,"minecraft:glass":2,"minecraft:hopper":8,"minecraft:diamond_helmet":1,"minecraft:bow":3,"minecraft:diamond_leggings":1,"minecraft:iron_hoe":1,"minecraft:stone_pickaxe":1,"minecraft:chest":20,"minecraft:diamond_boots":1,"minecraft:rail":128,"minecraft:stone_hoe":1,"minecraft:wheat":99,"minecraft:minecart":9,"minecraft:smoker":2,"minecraft:oak_slab":12,"minecraft:diamond_sword":1,"minecraft:emerald":19,"minecraft:cooked_porkchop":55,"minecraft:diamond_axe":1,"minecraft:crafting_table":2,"minecraft:powered_rail":6,"minecraft:wooden_pickaxe":1,"minecraft:brown_dye":1,"minecraft:iron_sword":1,"minecraft:blue_bed":1,"minecraft:smithing_table":1,"minecraft:fletching_table":5,"minecraft:gold_block":1,"minecraft:bucket":2,"minecraft:stone_axe":3,"minecraft:enchanted_book":1,"minecraft:bread":33,"minecraft:air":0,"minecraft:dispenser":1,"minecraft:oak_boat":2,"minecraft:lectern":2,"minecraft:golden_apple":2,"minecraft:diamond_pickaxe":1,"minecraft:shield":1,"minecraft:stick":692,"minecraft:stone_slab":6,"minecraft:iron_ingot":67,"minecraft:iron_shovel":1,"minecraft:gold_ingot":22,"minecraft:white_bed":5,"minecraft:redstone_torch":7,"minecraft:torch":140,"minecraft:shears":1,"minecraft:lapis_lazuli":477,"minecraft:lapis_block":33,"minecraft:diamond_chestplate":1},"minecraft:picked_up":{"minecraft:crafting_table":8,"minecraft:wheat":8,"minecraft:diamond_sword":1,"minecraft:brewing_stand":2,"minecraft:shield":1,"minecraft:oak_trapdoor":1,"minecraft:string":7,"minecraft:raw_copper":20,"minecraft:iron_axe":1,"minecraft:beetroot":1,"minecraft:cobbled_deepslate":138,"minecraft:beef":4,"minecraft:oak_boat":5,"minecraft:redstone_torch":1,"minecraft:minecart":16,"minecraft:poppy":6,"minecraft:iron_pickaxe":1,"minecraft:lectern":67,"minecraft:melon_slice":45,"minecraft:chest":3,"minecraft:furnace":4,"minecraft:egg":4,"minecraft:golden_helmet":1,"minecraft:stick":6,"minecraft:raw_iron":69,"minecraft:composter":5,"minecraft:oak_fence":21,"minecraft:torch":29,"minecraft:porkchop":7,"minecraft:diorite":65,"minecraft:carrot":81,"minecraft:redstone":68,"minecraft:golden_chestplate":2,"minecraft:tnt":7,"minecraft:rotten_flesh":21,"minecraft:arrow":17,"minecraft:beetroot_seeds":2,"minecraft:hay_block":11,"minecraft:bookshelf":18,"minecraft:mutton":8,"minecraft:rail":15,"minecraft:white_wool":35,"minecraft:cobblestone":587,"minecraft:oxeye_daisy":2,"minecraft:stripped_oak_log":8,"minecraft:enchanting_table":6,"minecraft:leather_chestplate":2,"minecraft:salmon":15,"minecraft:water_bucket":1,"minecraft:andesite":21,"minecraft:leather":2,"minecraft:golden_leggings":2,"minecraft:gunpowder":3,"minecraft:smoker":6,"minecraft:potato":52,"minecraft:flint":18,"minecraft:oak_log":171,"minecraft:yellow_bed":16,"minecraft:golden_boots":1,"minecraft:lapis_lazuli":128,"minecraft:blue_bed":1,"minecraft:dirt":177,"minecraft:bone":25,"minecraft:apple":3,"minecraft:stonecutter":2,"minecraft:bow":1,"minecraft:wheat_seeds":32,"minecraft:raw_gold":22,"minecraft:oak_fence_gate":3,"minecraft:iron_ingot":9,"minecraft:stripped_oak_wood":2,"minecraft:fletching_table":7,"minecraft:powered_rail":2,"minecraft:oak_planks":61,"minecraft:iron_sword":1,"minecraft:book":9,"minecraft:oak_slab":4,"minecraft:cooked_porkchop":11,"minecraft:pumpkin":1,"minecraft:dandelion":6,"minecraft:gravel":132,"minecraft:sand":5,"minecraft:blast_furnace":9,"minecraft:white_bed":40,"minecraft:mossy_cobblestone":2,"minecraft:chainmail_leggings":1,"minecraft:granite":34,"minecraft:oak_sapling":28,"minecraft:coal":179,"minecraft:diamond_pickaxe":1},"minecraft:broken":{"minecraft:golden_helmet":1,"minecraft:golden_boots":1,"minecraft:stone_axe":1},"minecraft:dropped":{"minecraft:water_bucket":1,"minecraft:iron_sword":1,"minecraft:wheat_seeds":25,"minecraft:mossy_cobblestone":2,"minecraft:oxeye_daisy":1,"minecraft:dirt":3,"minecraft:iron_axe":1,"minecraft:iron_pickaxe":1,"minecraft:string":1,"minecraft:bone":4,"minecraft:dandelion":2,"minecraft:golden_chestplate":1,"minecraft:raw_copper":10,"minecraft:wheat":8,"minecraft:beetroot":1,"minecraft:rotten_flesh":11,"minecraft:oak_planks":41,"minecraft:cooked_mutton":1,"minecraft:carrot":25,"minecraft:diamond_sword":1,"minecraft:poppy":1,"minecraft:leather_chestplate":1,"minecraft:gunpowder":3,"minecraft:diamond_pickaxe":1,"minecraft:beetroot_seeds":2,"minecraft:golden_leggings":1,"minecraft:redstone_torch":2,"minecraft:arrow":4}},"DataVersion":3120}