{"stats":{"minecraft:used":{"minecraft:acacia_log":2,"minecraft:wooden_pickaxe":19,"minecraft:player_head":2,"minecraft:torch":3,"minecraft:jungle_wood":3,"minecraft:dirt":7,"minecraft:sand":1,"minecraft:crafting_table":5},"minecraft:custom":{"minecraft:time_since_rest":9079,"minecraft:sprint_one_cm":52420,"minecraft:damage_taken":400,"minecraft:walk_one_cm":39281,"minecraft:mob_kills":4,"minecraft:drop":46,"minecraft:damage_dealt":609,"minecraft:swim_one_cm":16833,"minecraft:interact_with_crafting_table":32,"minecraft:fly_one_cm":253709,"minecraft:play_time":175535,"minecraft:deaths":9,"minecraft:walk_under_water_one_cm":13329,"minecraft:jump":314,"minecraft:leave_game":27,"minecraft:walk_on_water_one_cm":5692,"minecraft:time_since_death":9059,"minecraft:total_world_time":175535,"minecraft:fall_one_cm":6711},"minecraft:killed_by":{"minecraft:skeleton":1},"minecraft:mined":{"minecraft:crafting_table":1,"minecraft:grass":15,"minecraft:acacia_log":5,"minecraft:grass_block":8,"minecraft:sand":1},"minecraft:killed":{"minecraft:sheep":3,"minecraft:chicken":1},"minecraft:crafted":{"minecraft:crafting_table":1,"minecraft:stick":4,"minecraft:wooden_pickaxe":1,"minecraft:brown_dye":14,"minecraft:acacia_planks":12},"minecraft:picked_up":{"minecraft:enchanting_table":1,"minecraft:crafting_table":1,"minecraft:feather":3,"minecraft:chicken":1,"minecraft:torch":2,"minecraft:acacia_log":5,"minecraft:sand":1,"minecraft:brown_dye":2,"minecraft:dirt":8,"minecraft:tnt":1,"minecraft:wheat_seeds":3,"minecraft:blue_dye":2,"minecraft:iron_pickaxe":1,"minecraft:mangrove_planks":2,"minecraft:mutton":5,"minecraft:white_wool":3,"minecraft:diamond_pickaxe":1},"minecraft:dropped":{"minecraft:diamond_sword":1,"minecraft:golden_boots":1,"minecraft:iron_ingot":64,"minecraft:wolf_spawn_egg":3,"minecraft:iron_sword":1,"minecraft:blue_dye":1,"minecraft:brown_dye":2,"minecraft:shield":1,"minecraft:stone":256,"minecraft:lapis_lazuli":192,"minecraft:pearlescent_froglight":1,"minecraft:diamond_axe":1,"minecraft:golden_helmet":1,"minecraft:oak_log":128,"minecraft:golden_chestplate":1,"minecraft:diamond_chestplate":1,"minecraft:tnt":5,"minecraft:diamond_pickaxe":2,"minecraft:diamond":9,"minecraft:bookshelf":18,"minecraft:golden_leggings":1,"minecraft:diamond_leggings":1,"minecraft:diamond_helmet":1,"minecraft:rotten_flesh":14,"minecraft:enchanted_golden_apple":2,"minecraft:diamond_boots":1,"minecraft:iron_axe":1,"minecraft:mangrove_planks":2,"minecraft:iron_pickaxe":1,"minecraft:totem_of_undying":1,"minecraft:coal":64,"minecraft:enchanting_table":2,"minecraft:bone":10,"minecraft:redstone":64}},"DataVersion":3120}